pair_id,session_id,order,condition_label,window_index,TSNE1,TSNE2
dyad_001,20260504_183351_order1,1,baseline,0,-6.105652,-18.566977
dyad_001,20260504_183351_order1,1,baseline,1,28.889421,-23.670118
dyad_001,20260504_183351_order1,1,baseline,2,28.18602,-23.485733
dyad_001,20260504_183351_order1,1,baseline,3,27.906084,-22.668884
dyad_001,20260504_183351_order1,1,baseline,4,29.286366,-23.83039
dyad_001,20260504_183351_order1,1,baseline,5,31.446177,-26.2692
dyad_001,20260504_183351_order1,1,baseline,6,32.608864,-19.536287
dyad_001,20260504_183351_order1,1,baseline,7,28.955421,-27.645622
dyad_001,20260504_183351_order1,1,baseline,8,31.969807,-21.703873
dyad_001,20260504_183351_order1,1,baseline,9,31.832531,-23.802177
dyad_001,20260504_183351_order1,1,baseline,10,26.056791,-23.705328
dyad_001,20260504_183351_order1,1,baseline,11,26.302595,-25.665226
dyad_001,20260504_183351_order1,1,baseline,12,-0.7559338,-26.01861
dyad_001,20260504_183529_order2,2,competitive,0,32.879982,-18.90466
dyad_001,20260504_183529_order2,2,competitive,1,32.117542,-20.146217
dyad_001,20260504_183529_order2,2,competitive,2,27.153023,-16.84423
dyad_001,20260504_183529_order2,2,competitive,3,27.272501,-19.61797
dyad_001,20260504_183529_order2,2,competitive,4,26.247097,-19.08386
dyad_001,20260504_183529_order2,2,competitive,5,18.281637,-33.16363
dyad_001,20260504_183529_order2,2,competitive,6,18.71612,-34.563255
dyad_001,20260504_183529_order2,2,competitive,7,20.121338,-30.130442
dyad_001,20260504_183529_order2,2,competitive,8,19.65631,-29.701035
dyad_001,20260504_183529_order2,2,competitive,9,19.908108,-27.964125
dyad_001,20260504_183529_order2,2,competitive,10,20.607538,-27.433567
dyad_001,20260504_183529_order2,2,competitive,11,19.193523,-28.125978
dyad_001,20260504_183529_order2,2,competitive,12,-0.01006228,-25.953314
dyad_001,20260504_183529_order2,2,competitive,13,19.789131,-29.07162
dyad_001,20260504_183529_order2,2,competitive,14,26.61135,-21.127165
dyad_001,20260504_183529_order2,2,competitive,15,28.748577,-15.213407
dyad_001,20260504_183529_order2,2,competitive,16,29.365417,-16.04862
dyad_001,20260504_183529_order2,2,competitive,17,26.952892,-13.897801
dyad_001,20260504_183529_order2,2,competitive,18,27.952318,-14.820025
dyad_001,20260504_183529_order2,2,competitive,19,24.47765,-20.593813
dyad_001,20260504_183529_order2,2,competitive,20,26.823559,-16.253532
dyad_001,20260504_183529_order2,2,competitive,21,25.925905,-21.777632
dyad_001,20260504_183529_order2,2,competitive,22,28.798937,-21.424488
dyad_001,20260504_183529_order2,2,competitive,23,28.397999,-21.436161
dyad_001,20260504_183529_order2,2,competitive,24,34.006336,-26.508038
dyad_001,20260504_183529_order2,2,competitive,25,22.629488,-18.658539
dyad_001,20260504_183529_order2,2,competitive,26,34.66255,-27.06441
dyad_001,20260504_183529_order2,2,competitive,27,26.88747,-28.365398
dyad_001,20260504_183529_order2,2,competitive,28,25.269798,-31.074663
dyad_001,20260504_183529_order2,2,competitive,29,27.57691,-29.058104
dyad_001,20260504_183529_order2,2,competitive,30,29.546223,-18.753178
dyad_001,20260504_183529_order2,2,competitive,31,32.302288,-30.288174
dyad_001,20260504_183529_order2,2,competitive,32,26.564367,-15.624684
dyad_001,20260504_183529_order2,2,competitive,33,19.41157,-33.38086
dyad_001,20260504_183529_order2,2,competitive,34,18.918491,-31.59496
dyad_001,20260504_183529_order2,2,competitive,35,20.024353,-32.40886
dyad_001,20260504_183529_order2,2,competitive,36,18.535048,-26.35652
dyad_001,20260504_183529_order2,2,competitive,37,18.41692,-26.197893
dyad_001,20260504_183529_order2,2,competitive,38,20.642492,-30.29918
dyad_001,20260504_183529_order2,2,competitive,39,30.747667,-25.24592
dyad_001,20260504_183529_order2,2,competitive,40,23.68251,-20.246862
dyad_001,20260504_183529_order2,2,competitive,41,29.294428,-31.772036
dyad_001,20260504_183529_order2,2,competitive,42,27.683868,-32.06882
dyad_001,20260504_183529_order2,2,competitive,43,24.9831,-25.59852
dyad_001,20260504_183529_order2,2,competitive,44,21.823195,-17.372726
dyad_001,20260504_183529_order2,2,competitive,45,26.623953,-25.984632
dyad_001,20260504_183529_order2,2,competitive,46,23.867388,-25.55967
dyad_001,20260504_183529_order2,2,competitive,47,24.451246,-24.720531
dyad_001,20260504_183529_order2,2,competitive,48,25.635338,-26.917274
dyad_001,20260504_183529_order2,2,competitive,49,3.2801151,-16.781757
dyad_001,20260504_183529_order2,2,competitive,50,25.478249,-23.32967
dyad_001,20260504_183529_order2,2,competitive,51,29.728884,-25.115673
dyad_001,20260504_184034_order3,3,competitive,0,27.443441,-17.284748
dyad_001,20260504_184034_order3,3,competitive,1,26.300406,-17.433119
dyad_001,20260504_184034_order3,3,competitive,2,22.837889,-21.340824
dyad_001,20260504_184034_order3,3,competitive,3,22.793758,-21.21759
dyad_001,20260504_184034_order3,3,competitive,4,29.824219,-28.827396
dyad_001,20260504_184034_order3,3,competitive,5,22.249634,-23.479012
dyad_001,20260504_184034_order3,3,competitive,6,34.138,-28.095858
dyad_001,20260504_184034_order3,3,competitive,7,26.99055,-24.337328
dyad_001,20260504_184034_order3,3,competitive,8,26.917398,-22.77875
dyad_001,20260504_184034_order3,3,competitive,9,18.5711,-32.648388
dyad_001,20260504_184034_order3,3,competitive,10,24.028078,-30.881004
dyad_001,20260504_184034_order3,3,competitive,11,31.557455,-23.101576
dyad_001,20260504_184034_order3,3,competitive,12,27.137556,-27.932674
dyad_001,20260504_184034_order3,3,competitive,13,31.251661,-27.19022
dyad_001,20260504_184034_order3,3,competitive,14,18.640821,-24.657162
dyad_001,20260504_184034_order3,3,competitive,15,17.769236,-21.458448
dyad_001,20260504_184034_order3,3,competitive,16,28.20781,-25.417559
dyad_001,20260504_184034_order3,3,competitive,17,23.527567,-18.538696
dyad_001,20260504_184034_order3,3,competitive,18,24.751013,-24.899052
dyad_001,20260504_184034_order3,3,competitive,19,27.726091,-31.559975
dyad_001,20260504_184304_order4,4,competitive,0,24.834436,-17.73595
dyad_001,20260504_184304_order4,4,competitive,1,24.53166,-28.417265
dyad_001,20260504_184304_order4,4,competitive,2,23.762533,-29.15571
dyad_001,20260504_184304_order4,4,competitive,3,22.757744,-28.888115
dyad_001,20260504_184304_order4,4,competitive,4,22.718914,-30.833508
dyad_001,20260504_184304_order4,4,competitive,5,22.758675,-29.053387
dyad_001,20260504_184304_order4,4,competitive,6,33.29184,-29.637312
dyad_001,20260504_184304_order4,4,competitive,7,11.486732,-18.612562
dyad_001,20260504_184304_order4,4,competitive,8,28.555643,-27.765654
dyad_001,20260504_184304_order4,4,competitive,9,22.383799,-26.189928
dyad_001,20260504_184304_order4,4,competitive,10,21.471663,-18.88914
dyad_001,20260504_184304_order4,4,competitive,11,21.617311,-18.12024
dyad_001,20260504_184304_order4,4,competitive,12,33.439514,-29.852663
dyad_001,20260504_184304_order4,4,competitive,13,33.119675,-24.518402
dyad_001,20260504_184304_order4,4,competitive,14,28.698809,-18.742601
dyad_001,20260504_184304_order4,4,competitive,15,32.438957,-21.61445
dyad_001,20260504_184304_order4,4,competitive,16,25.172821,-18.898535
dyad_001,20260504_184304_order4,4,competitive,17,32.523315,-28.952717
dyad_001,20260504_184304_order4,4,competitive,18,33.158844,-23.895119
dyad_001,20260504_184304_order4,4,competitive,19,32.23196,-26.799118
dyad_001,20260504_184304_order4,4,competitive,20,24.142988,-18.188267
dyad_001,20260504_184304_order4,4,competitive,21,32.400696,-25.175825
dyad_001,20260504_184304_order4,4,competitive,22,32.698147,-26.891941
dyad_001,20260504_184304_order4,4,competitive,23,31.72515,-25.00364
dyad_001,20260504_184304_order4,4,competitive,24,32.52614,-24.330355
dyad_001,20260504_184304_order4,4,competitive,25,26.782703,-19.499329
dyad_001,20260504_184304_order4,4,competitive,26,17.685703,-21.319546
dyad_001,20260504_184304_order4,4,competitive,27,29.985735,-27.173103
dyad_001,20260504_184304_order4,4,competitive,28,33.860935,-21.18916
dyad_001,20260504_184304_order4,4,competitive,29,32.440796,-27.892204
dyad_001,20260504_184304_order4,4,competitive,30,30.093801,-18.847668
dyad_001,20260504_184304_order4,4,competitive,31,28.396618,-14.265296
dyad_001,20260504_184304_order4,4,competitive,32,21.165459,-19.563875
dyad_001,20260504_184304_order4,4,competitive,33,25.946913,-21.483343
dyad_001,20260504_184304_order4,4,competitive,34,29.68368,-21.677532
dyad_001,20260504_184304_order4,4,competitive,35,20.073877,-16.610703
dyad_001,20260504_184304_order4,4,competitive,36,20.920168,-26.121243
dyad_001,20260504_184304_order4,4,competitive,37,31.249355,-24.83953
dyad_001,20260504_184304_order4,4,competitive,38,29.695715,-31.916912
dyad_001,20260504_184304_order4,4,competitive,39,29.500187,-31.317692
dyad_002,20260505_190850_order1,1,baseline,0,23.037115,-5.9822583
dyad_002,20260505_190850_order1,1,baseline,1,1.383924,-25.322218
dyad_002,20260505_190850_order1,1,baseline,2,18.070843,-4.3156013
dyad_002,20260505_190850_order1,1,baseline,3,10.275704,-13.241561
dyad_002,20260505_190850_order1,1,baseline,4,14.731767,-1.4895874
dyad_002,20260505_190850_order1,1,baseline,5,5.2626586,-15.745291
dyad_002,20260505_190850_order1,1,baseline,6,19.293833,2.6064613
dyad_002,20260505_190850_order1,1,baseline,7,21.922924,-9.345598
dyad_002,20260505_190850_order1,1,baseline,8,20.004063,0.48413876
dyad_002,20260505_190850_order1,1,baseline,9,19.622944,0.79613847
dyad_002,20260505_190850_order1,1,baseline,10,17.799763,4.5524607
dyad_002,20260505_190850_order1,1,baseline,11,14.809851,-0.83069676
dyad_002,20260505_190850_order1,1,baseline,12,-35.126873,-7.586809
dyad_002,20260505_190850_order1,1,baseline,13,6.617541,-19.514616
dyad_002,20260505_190850_order1,1,baseline,14,6.5773525,-19.137068
dyad_002,20260505_190850_order1,1,baseline,15,5.126673,-21.079758
dyad_002,20260505_190850_order1,1,baseline,16,-17.859205,13.83765
dyad_002,20260505_190850_order1,1,baseline,17,-17.860863,13.841387
dyad_002,20260505_190850_order1,1,baseline,18,-36.59729,-20.22693
dyad_002,20260505_190850_order1,1,baseline,19,9.998214,-18.56575
dyad_002,20260505_190850_order1,1,baseline,20,22.13392,-7.9516134
dyad_002,20260505_190850_order1,1,baseline,21,4.950058,-20.572159
dyad_002,20260505_190850_order1,1,baseline,22,3.5030432,-20.387545
dyad_002,20260505_190850_order1,1,baseline,23,-40.34991,-16.95805
dyad_002,20260505_190850_order1,1,baseline,24,22.087027,-8.5461855
dyad_002,20260505_190850_order1,1,baseline,25,5.6443768,-21.932508
dyad_002,20260505_190850_order1,1,baseline,26,11.574372,-21.031872
dyad_002,20260505_190850_order1,1,baseline,27,2.226038,-25.318253
dyad_002,20260505_190850_order1,1,baseline,28,8.162447,-12.741554
dyad_002,20260505_190850_order1,1,baseline,29,19.771994,2.5356624
dyad_002,20260505_190850_order1,1,baseline,30,-0.108521804,-23.268917
dyad_002,20260505_190850_order1,1,baseline,31,-0.8991074,-23.104637
dyad_002,20260505_190850_order1,1,baseline,32,7.299665,-15.101814
dyad_002,20260505_190850_order1,1,baseline,33,7.0888977,-20.926228
dyad_002,20260505_190850_order1,1,baseline,34,13.593645,-16.439796
dyad_002,20260505_190850_order1,1,baseline,35,4.399202,-27.871323
dyad_002,20260505_190850_order1,1,baseline,36,10.256373,-20.678242
dyad_002,20260505_190850_order1,1,baseline,37,-35.761818,-21.791681
dyad_002,20260505_190850_order1,1,baseline,38,11.6037445,-28.95764
dyad_002,20260505_190850_order1,1,baseline,39,9.635341,-24.260641
dyad_002,20260505_190850_order1,1,baseline,40,4.348298,-18.282763
dyad_002,20260505_190850_order1,1,baseline,41,7.778343,-21.54899
dyad_002,20260505_191548_order2,2,competitive,0,2.5714571,10.49514
dyad_002,20260505_191548_order2,2,competitive,1,12.667313,-12.562865
dyad_002,20260505_191548_order2,2,competitive,2,34.673813,-29.696041
dyad_002,20260505_191548_order2,2,competitive,3,9.785844,-28.830658
dyad_002,20260505_191548_order2,2,competitive,4,11.706662,-26.268126
dyad_002,20260505_191548_order2,2,competitive,5,11.82996,-26.143063
dyad_002,20260505_191548_order2,2,competitive,6,8.274762,-23.657349
dyad_002,20260505_191548_order2,2,competitive,7,13.256982,-23.880896
dyad_002,20260505_191548_order2,2,competitive,8,9.527693,-19.41906
dyad_002,20260505_191548_order2,2,competitive,9,14.887965,-19.776302
dyad_002,20260505_191548_order2,2,competitive,10,13.298406,-23.980152
dyad_002,20260505_191548_order2,2,competitive,11,10.135392,-18.843908
dyad_002,20260505_191548_order2,2,competitive,12,10.917537,-26.490927
dyad_002,20260505_191548_order2,2,competitive,13,6.041826,-18.56538
dyad_002,20260505_191759_order3,3,competitive,0,12.756125,-12.360823
dyad_002,20260505_191759_order3,3,competitive,1,20.552124,-6.5858545
dyad_002,20260505_191759_order3,3,competitive,2,19.642897,-6.574223
dyad_002,20260505_191759_order3,3,competitive,3,19.378174,-6.550109
dyad_002,20260505_191759_order3,3,competitive,4,11.664828,-28.481392
dyad_002,20260505_191759_order3,3,competitive,5,12.382684,-28.570284
dyad_002,20260505_191759_order3,3,competitive,6,12.938091,-16.444735
dyad_002,20260505_191759_order3,3,competitive,7,13.409625,-16.565987
dyad_002,20260505_191759_order3,3,competitive,8,8.7348175,-19.511673
dyad_002,20260505_191759_order3,3,competitive,9,-38.974277,-21.601007
dyad_002,20260505_191759_order3,3,competitive,10,10.159236,-20.933586
dyad_002,20260505_191759_order3,3,competitive,11,10.34039,-14.518979
dyad_002,20260505_192656_order4,4,competitive,0,12.60723,-14.516063
dyad_002,20260505_192656_order4,4,competitive,1,10.069073,-25.832201
dyad_002,20260505_192656_order4,4,competitive,2,12.404014,-29.566633
dyad_002,20260505_192656_order4,4,competitive,3,8.656734,-23.861485
dyad_002,20260505_192656_order4,4,competitive,4,20.357605,-21.879795
dyad_002,20260505_192656_order4,4,competitive,5,14.244535,-26.826424
dyad_002,20260505_192656_order4,4,competitive,6,9.355681,-24.838346
dyad_002,20260505_192656_order4,4,competitive,7,8.779095,-25.378593
dyad_002,20260505_192656_order4,4,competitive,8,6.681671,-25.98579
dyad_002,20260505_192656_order4,4,competitive,9,7.1171317,-23.544327
dyad_002,20260505_192656_order4,4,competitive,10,7.24264,-24.202257
dyad_002,20260505_192656_order4,4,competitive,11,14.134618,-26.875477
dyad_002,20260505_192656_order4,4,competitive,12,3.9316654,-27.609268
dyad_002,20260505_192656_order4,4,competitive,13,5.3845944,-28.429066
dyad_002,20260505_192656_order4,4,competitive,14,-0.7214158,-25.552479
dyad_002,20260505_192656_order4,4,competitive,15,4.0011525,-28.327232
dyad_002,20260505_192656_order4,4,competitive,16,7.3330483,-18.656443
dyad_002,20260505_192656_order4,4,competitive,17,9.127236,-18.244589
dyad_002,20260505_192656_order4,4,competitive,18,8.660209,-17.509764
dyad_002,20260505_192656_order4,4,competitive,19,-39.067043,-21.719215
dyad_002,20260505_192656_order4,4,competitive,20,8.492193,-16.335276
dyad_002,20260505_192656_order4,4,competitive,21,8.214598,-25.625181
dyad_002,20260505_192656_order4,4,competitive,22,10.016516,-21.906443
dyad_002,20260505_192656_order4,4,competitive,23,19.419956,-18.483824
dyad_002,20260505_192656_order4,4,competitive,24,26.114658,-12.389421
dyad_002,20260505_192656_order4,4,competitive,25,15.277694,-15.268241
dyad_002,20260505_192656_order4,4,competitive,26,3.9552708,-28.664358
dyad_002,20260505_192656_order4,4,competitive,27,3.6207266,-29.279228
dyad_002,20260505_192656_order4,4,competitive,28,-34.096287,-26.309738
dyad_002,20260505_192656_order4,4,competitive,29,-34.063354,-25.7239
dyad_002,20260505_192656_order4,4,competitive,30,7.849209,-13.916356
dyad_002,20260505_192656_order4,4,competitive,31,20.891415,-23.257387
dyad_002,20260505_192656_order4,4,competitive,32,20.57997,-23.62847
dyad_002,20260505_192656_order4,4,competitive,33,16.407986,-7.5651755
dyad_002,20260505_192656_order4,4,competitive,34,15.326899,-9.70412
dyad_002,20260505_192656_order4,4,competitive,35,18.268888,-7.5797024
dyad_002,20260505_192656_order4,4,competitive,36,-16.378788,-31.450573
dyad_002,20260505_192656_order4,4,competitive,37,-34.907597,-7.98375
dyad_002,20260505_192656_order4,4,competitive,38,-34.058292,-25.731165
dyad_002,20260505_192656_order4,4,competitive,39,13.600857,-14.507253
dyad_002,20260505_192656_order4,4,competitive,40,4.0446806,-25.972466
dyad_002,20260505_192656_order4,4,competitive,41,18.727964,-20.842493
dyad_002,20260505_192656_order4,4,competitive,42,17.949095,1.8525442
dyad_002,20260505_192656_order4,4,competitive,43,9.710074,-31.177889
dyad_002,20260505_192656_order4,4,competitive,44,10.202537,-29.427687
dyad_002,20260505_192656_order4,4,competitive,45,-3.5719855,-25.316166
dyad_002,20260505_192656_order4,4,competitive,46,4.20808,-21.844437
dyad_002,20260505_192656_order4,4,competitive,47,5.503158,-24.330074
dyad_002,20260505_192656_order4,4,competitive,48,5.8478947,-21.147997
dyad_002,20260505_192656_order4,4,competitive,49,-2.4682043,-24.481195
dyad_002,20260505_192656_order4,4,competitive,50,-2.0894752,-25.152508
dyad_002,20260505_192656_order4,4,competitive,51,-35.854767,-21.645672
dyad_002,20260505_192656_order4,4,competitive,52,-2.7723234,-24.64179
dyad_002,20260505_192656_order4,4,competitive,53,-3.8063316,-24.208628
dyad_002,20260505_192656_order4,4,competitive,54,9.719098,-30.49136
dyad_003,20260507_134304_order1,1,baseline,0,-8.390215,-14.747313
dyad_003,20260507_134304_order1,1,baseline,1,-23.4535,-2.168999
dyad_003,20260507_134304_order1,1,baseline,2,-23.1819,-2.1290374
dyad_003,20260507_134304_order1,1,baseline,3,-22.868687,14.742594
dyad_003,20260507_134304_order1,1,baseline,4,-22.629747,14.691993
dyad_003,20260507_134304_order1,1,baseline,5,-22.132698,-2.1210287
dyad_003,20260507_134304_order1,1,baseline,6,-23.110994,-3.8575058
dyad_003,20260507_134304_order1,1,baseline,7,-22.404318,-7.3559475
dyad_003,20260507_134304_order1,1,baseline,8,-20.686232,-2.1630268
dyad_003,20260507_134304_order1,1,baseline,9,29.002525,10.167755
dyad_003,20260507_134304_order1,1,baseline,10,-23.122908,2.9840884
dyad_003,20260507_134304_order1,1,baseline,11,-32.625523,-2.4834538
dyad_003,20260507_134304_order1,1,baseline,12,-28.799574,-4.411447
dyad_003,20260507_134304_order1,1,baseline,13,-30.34846,-10.09019
dyad_003,20260507_134304_order1,1,baseline,14,-30.539946,-9.179135
dyad_003,20260507_134304_order1,1,baseline,15,-31.069054,-3.2803707
dyad_003,20260507_134304_order1,1,baseline,16,-43.924015,-0.62150395
dyad_003,20260507_134304_order1,1,baseline,17,-41.601448,-7.1205034
dyad_003,20260507_134304_order1,1,baseline,18,-33.16848,-5.557154
dyad_003,20260507_134304_order1,1,baseline,19,-21.868652,3.7854986
dyad_003,20260507_134304_order1,1,baseline,20,-16.89078,1.5912956
dyad_003,20260507_134304_order1,1,baseline,21,-2.9217744,3.2757149
dyad_003,20260507_134304_order1,1,baseline,22,-9.989767,-11.551852
dyad_003,20260507_134304_order1,1,baseline,23,-13.182497,-0.12939052
dyad_003,20260507_134304_order1,1,baseline,24,-44.738186,6.6407
dyad_003,20260507_134304_order1,1,baseline,25,-45.38658,7.6732783
dyad_003,20260507_134304_order1,1,baseline,26,-18.603045,-4.623477
dyad_003,20260507_134304_order1,1,baseline,27,-18.441832,-4.2737694
dyad_003,20260507_134304_order1,1,baseline,28,-21.724625,3.867461
dyad_003,20260507_134304_order1,1,baseline,29,-16.654839,0.5054498
dyad_003,20260507_134304_order1,1,baseline,30,-34.229996,-0.25488523
dyad_003,20260507_134304_order1,1,baseline,31,-13.494105,-5.7759004
dyad_003,20260507_134304_order1,1,baseline,32,-32.486736,-5.6545715
dyad_003,20260507_134304_order1,1,baseline,33,-33.057735,-5.683477
dyad_003,20260507_134304_order1,1,baseline,34,-17.42098,-7.00407
dyad_003,20260507_134304_order1,1,baseline,35,-17.68162,-8.327516
dyad_003,20260507_134304_order1,1,baseline,36,-16.673872,-2.9912589
dyad_003,20260507_134304_order1,1,baseline,37,-21.940186,3.2552204
dyad_003,20260507_134304_order1,1,baseline,38,-17.83936,-0.7755994
dyad_003,20260507_134304_order1,1,baseline,39,-21.160013,4.5701733
dyad_003,20260507_134304_order1,1,baseline,40,-12.1118965,6.924656
dyad_003,20260507_134304_order1,1,baseline,41,-18.073517,9.368029
dyad_003,20260507_134304_order1,1,baseline,42,-18.506844,2.0427485
dyad_003,20260507_134304_order1,1,baseline,43,-19.11355,1.719412
dyad_003,20260507_134304_order1,1,baseline,44,-15.803097,0.16364542
dyad_003,20260507_134304_order1,1,baseline,45,-15.149776,0.50564146
dyad_003,20260507_134304_order1,1,baseline,46,-17.821846,-7.4602675
dyad_003,20260507_134304_order1,1,baseline,47,-20.98951,-9.366092
dyad_003,20260507_134304_order1,1,baseline,48,-16.281096,-0.37072134
dyad_003,20260507_134304_order1,1,baseline,49,-20.86732,-6.8652344
dyad_003,20260507_134304_order1,1,baseline,50,-19.70259,-5.9752235
dyad_003,20260507_134304_order1,1,baseline,51,-14.711413,-4.449538
dyad_003,20260507_134304_order1,1,baseline,52,-16.962362,-3.3795323
dyad_003,20260507_134304_order1,1,baseline,53,-13.793485,-5.356812
dyad_003,20260507_134304_order1,1,baseline,54,-17.628553,-9.288213
dyad_003,20260507_134304_order1,1,baseline,55,-18.880672,-6.6856823
dyad_003,20260507_134304_order1,1,baseline,56,-17.287851,-5.993207
dyad_003,20260507_134304_order1,1,baseline,57,-19.220396,-2.1462123
dyad_003,20260507_134304_order1,1,baseline,58,-15.623798,-3.2774193
dyad_003,20260507_134304_order1,1,baseline,59,-19.68499,8.295233
dyad_003,20260507_134304_order1,1,baseline,60,-8.244916,-10.139355
dyad_003,20260507_134304_order1,1,baseline,61,-14.426619,-4.494054
dyad_003,20260507_134304_order1,1,baseline,62,-19.339201,-6.5517745
dyad_003,20260507_134304_order1,1,baseline,63,-28.86997,-7.295885
dyad_003,20260507_134304_order1,1,baseline,64,-19.73611,-7.670724
dyad_003,20260507_134304_order1,1,baseline,65,-20.924969,-8.54964
dyad_003,20260507_134304_order1,1,baseline,66,-19.332737,-8.049318
dyad_003,20260507_135022_order2,2,competitive,0,-21.595144,-4.1379485
dyad_003,20260507_135022_order2,2,competitive,1,-21.682743,-4.645107
dyad_003,20260507_135022_order2,2,competitive,2,-20.038925,7.434974
dyad_003,20260507_135022_order2,2,competitive,3,-9.4194565,-17.058275
dyad_003,20260507_135022_order2,2,competitive,4,-21.44854,-5.4245086
dyad_003,20260507_135022_order2,2,competitive,5,-23.702477,-5.269672
dyad_003,20260507_135022_order2,2,competitive,6,-26.428854,-5.9693513
dyad_003,20260507_135022_order2,2,competitive,7,-27.264282,-4.1224966
dyad_003,20260507_135022_order2,2,competitive,8,-26.929518,-3.8218625
dyad_003,20260507_135022_order2,2,competitive,9,-15.421378,-8.70816
dyad_003,20260507_135022_order2,2,competitive,10,-15.433648,-7.0378456
dyad_003,20260507_135022_order2,2,competitive,11,-15.370984,-7.2993817
dyad_003,20260507_135022_order2,2,competitive,12,-16.55994,-8.492137
dyad_003,20260507_135022_order2,2,competitive,13,-5.3706207,-12.055486
dyad_003,20260507_135022_order2,2,competitive,14,-9.093459,-19.171366
dyad_003,20260507_135244_order3,3,competitive,0,-10.550909,-14.414722
dyad_003,20260507_135244_order3,3,competitive,1,-15.379657,-10.920411
dyad_003,20260507_135244_order3,3,competitive,2,-22.77274,-5.2043667
dyad_003,20260507_135244_order3,3,competitive,3,-11.459109,-9.6930685
dyad_003,20260507_135244_order3,3,competitive,4,-23.77329,-1.2547042
dyad_003,20260507_135244_order3,3,competitive,5,-7.4273157,-11.699968
dyad_003,20260507_135244_order3,3,competitive,6,-6.887368,-11.627965
dyad_003,20260507_135359_order4,4,competitive,0,-9.449581,-14.225499
dyad_003,20260507_135359_order4,4,competitive,1,-16.258333,-11.068285
dyad_003,20260507_135359_order4,4,competitive,2,-11.396928,-13.457072
dyad_003,20260507_135359_order4,4,competitive,3,-15.199343,-8.407675
dyad_003,20260507_135359_order4,4,competitive,4,-22.346718,-5.443608
dyad_003,20260507_135359_order4,4,competitive,5,-27.06274,-5.1100607
dyad_003,20260507_135359_order4,4,competitive,6,-45.744377,8.615208
dyad_003,20260507_135359_order4,4,competitive,7,-27.678963,-4.936849
dyad_003,20260507_135359_order4,4,competitive,8,-25.84483,-4.070654
dyad_003,20260507_135359_order4,4,competitive,9,-9.071791,-13.138368
dyad_003,20260507_135359_order4,4,competitive,10,-19.034014,-2.5209758
dyad_003,20260507_135359_order4,4,competitive,11,-9.757048,-12.125782
dyad_003,20260507_135359_order4,4,competitive,12,-15.878707,-4.518779
dyad_003,20260507_135359_order4,4,competitive,13,-15.833728,-5.5755215
dyad_003,20260507_135359_order4,4,competitive,14,-10.066264,-0.75535935
dyad_003,20260507_135359_order4,4,competitive,15,-10.123036,-0.890005
dyad_003,20260507_135359_order4,4,competitive,16,-4.8277416,0.7930068
dyad_004,20260507_141202_order1,1,baseline,0,-27.957148,-16.208426
dyad_004,20260507_141202_order1,1,baseline,1,-37.07585,-11.091724
dyad_004,20260507_141202_order1,1,baseline,2,-37.06428,-12.114029
dyad_004,20260507_141202_order1,1,baseline,3,-33.038876,-14.003613
dyad_004,20260507_141202_order1,1,baseline,4,-27.903746,-17.641394
dyad_004,20260507_141202_order1,1,baseline,5,-36.47665,-10.159749
dyad_004,20260507_141202_order1,1,baseline,6,-39.867607,-4.519386
dyad_004,20260507_141202_order1,1,baseline,7,-38.78884,-6.370054
dyad_004,20260507_141202_order1,1,baseline,8,-11.346903,-31.561663
dyad_004,20260507_141202_order1,1,baseline,9,-11.1434355,-31.505388
dyad_004,20260507_141202_order1,1,baseline,10,-10.642624,-31.300026
dyad_004,20260507_141202_order1,1,baseline,11,-19.475302,-27.27481
dyad_004,20260507_141202_order1,1,baseline,12,-32.90536,-15.064656
dyad_004,20260507_141202_order1,1,baseline,13,-41.055897,-3.70039
dyad_004,20260507_141202_order1,1,baseline,14,-34.456005,-9.899592
dyad_004,20260507_141202_order1,1,baseline,15,-34.194344,-3.5689485
dyad_004,20260507_141202_order1,1,baseline,16,-29.568121,-12.933045
dyad_004,20260507_141202_order1,1,baseline,17,-32.248657,-13.886268
dyad_004,20260507_141202_order1,1,baseline,18,-30.613028,-15.656018
dyad_004,20260507_141202_order1,1,baseline,19,-30.588284,-15.579313
dyad_004,20260507_141202_order1,1,baseline,20,-30.492388,-11.937028
dyad_004,20260507_141202_order1,1,baseline,21,-33.55967,-13.199337
dyad_004,20260507_141202_order1,1,baseline,22,-39.75678,-3.905996
dyad_004,20260507_141202_order1,1,baseline,23,-40.329712,-3.6363904
dyad_004,20260507_141202_order1,1,baseline,24,-43.46036,-3.5528555
dyad_004,20260507_141202_order1,1,baseline,25,-34.599724,-11.772806
dyad_004,20260507_141202_order1,1,baseline,26,-26.31749,-19.454615
dyad_004,20260507_141202_order1,1,baseline,27,-20.610329,-18.42126
dyad_004,20260507_141202_order1,1,baseline,28,-19.925165,-19.01449
dyad_004,20260507_141202_order1,1,baseline,29,-19.989801,-18.881334
dyad_004,20260507_141202_order1,1,baseline,30,-12.46636,-34.30595
dyad_004,20260507_141202_order1,1,baseline,31,-12.758261,-34.360004
dyad_004,20260507_141202_order1,1,baseline,32,-40.07179,-13.743343
dyad_004,20260507_141202_order1,1,baseline,33,-44.115845,-2.5929184
dyad_004,20260507_141202_order1,1,baseline,34,-33.22421,-13.449848
dyad_004,20260507_141202_order1,1,baseline,35,-39.716434,-13.988281
dyad_004,20260507_141202_order1,1,baseline,36,-29.156803,-16.713045
dyad_004,20260507_141202_order1,1,baseline,37,-41.235966,-13.150179
dyad_004,20260507_141202_order1,1,baseline,38,-21.675093,-23.213547
dyad_004,20260507_141202_order1,1,baseline,39,-45.259064,-2.8747246
dyad_004,20260507_141202_order1,1,baseline,40,-38.843,-12.195049
dyad_004,20260507_141202_order1,1,baseline,41,-38.890114,-11.91198
dyad_004,20260507_141202_order1,1,baseline,42,-42.986923,-2.4141686
dyad_004,20260507_141202_order1,1,baseline,43,-42.04735,-4.177986
dyad_004,20260507_141202_order1,1,baseline,44,-35.505154,-12.609713
dyad_004,20260507_141202_order1,1,baseline,45,-18.097286,-32.28575
dyad_004,20260507_141202_order1,1,baseline,46,-17.874935,-29.39896
dyad_004,20260507_141202_order1,1,baseline,47,-19.39964,-22.64171
dyad_004,20260507_141202_order1,1,baseline,48,-19.40473,-21.697659
dyad_004,20260507_141202_order1,1,baseline,49,-13.579069,-36.608147
dyad_004,20260507_141202_order1,1,baseline,50,-14.730695,-28.094059
dyad_004,20260507_141202_order1,1,baseline,51,-19.067808,-30.582998
dyad_004,20260507_141202_order1,1,baseline,52,-17.820362,-29.557926
dyad_004,20260507_141202_order1,1,baseline,53,-18.107851,-28.74721
dyad_004,20260507_141202_order1,1,baseline,54,-19.186758,-25.2728
dyad_004,20260507_141202_order1,1,baseline,55,-23.590006,-19.707033
dyad_004,20260507_141202_order1,1,baseline,56,-30.604769,-12.267771
dyad_004,20260507_141202_order1,1,baseline,57,-32.567627,-18.798443
dyad_004,20260507_141202_order1,1,baseline,58,-42.55444,-5.907786
dyad_004,20260507_141202_order1,1,baseline,59,-41.656525,-4.9440384
dyad_004,20260507_141202_order1,1,baseline,60,-40.003944,-7.3233232
dyad_004,20260507_141202_order1,1,baseline,61,-40.359623,-7.0756974
dyad_004,20260507_141202_order1,1,baseline,62,-40.36686,-5.5595956
dyad_004,20260507_141202_order1,1,baseline,63,-45.517582,-4.3111815
dyad_004,20260507_141202_order1,1,baseline,64,-45.344116,-4.042522
dyad_004,20260507_141202_order1,1,baseline,65,-44.63236,-5.474129
dyad_004,20260507_141202_order1,1,baseline,66,-44.97137,-5.0938687
dyad_004,20260507_141202_order1,1,baseline,67,-43.721188,-5.670084
dyad_004,20260507_141202_order1,1,baseline,68,-44.282745,-6.473674
dyad_004,20260507_141202_order1,1,baseline,69,-45.851242,-2.8326654
dyad_004,20260507_141202_order1,1,baseline,70,-45.12805,-7.105435
dyad_004,20260507_141202_order1,1,baseline,71,-44.078243,-11.134157
dyad_004,20260507_141202_order1,1,baseline,72,-32.927837,-24.77246
dyad_004,20260507_141202_order1,1,baseline,73,-20.75653,-21.10317
dyad_004,20260507_141202_order1,1,baseline,74,-20.201351,-21.843672
dyad_004,20260507_141202_order1,1,baseline,75,-20.440325,-21.948061
dyad_004,20260507_141202_order1,1,baseline,76,-22.591034,-21.67538
dyad_004,20260507_141202_order1,1,baseline,77,-41.27173,-6.216677
dyad_004,20260507_141202_order1,1,baseline,78,-38.61112,-16.326197
dyad_004,20260507_141202_order1,1,baseline,79,21.004833,-11.016244
dyad_004,20260507_141202_order1,1,baseline,80,-34.567646,-7.829667
dyad_004,20260507_141202_order1,1,baseline,81,-43.906254,-11.285597
dyad_004,20260507_141202_order1,1,baseline,82,-23.71872,-24.649456
dyad_004,20260507_141202_order1,1,baseline,83,-14.737143,-28.61176
dyad_004,20260507_141202_order1,1,baseline,84,-13.602493,-27.357372
dyad_004,20260507_141202_order1,1,baseline,85,-14.634389,-26.4044
dyad_004,20260507_142235_order2,2,competitive,0,-1.9461244,-27.074144
dyad_004,20260507_142235_order2,2,competitive,1,-26.241667,-12.486108
dyad_004,20260507_142235_order2,2,competitive,2,-25.979168,-12.649955
dyad_004,20260507_142235_order2,2,competitive,3,-21.3122,-21.375423
dyad_004,20260507_142235_order2,2,competitive,4,-25.87311,-26.964577
dyad_004,20260507_142235_order2,2,competitive,5,-37.221024,-2.3232234
dyad_004,20260507_142235_order2,2,competitive,6,-37.807343,-14.975228
dyad_004,20260507_142235_order2,2,competitive,7,-25.366402,-32.046726
dyad_004,20260507_142235_order2,2,competitive,8,-36.302303,-16.842009
dyad_004,20260507_142235_order2,2,competitive,9,-37.993153,-16.20687
dyad_004,20260507_142235_order2,2,competitive,10,-42.011852,-2.8976552
dyad_004,20260507_142235_order2,2,competitive,11,-37.63718,-13.041876
dyad_004,20260507_142235_order2,2,competitive,12,-34.746243,-9.312337
dyad_004,20260507_142235_order2,2,competitive,13,-41.171116,-2.514868
dyad_004,20260507_142235_order2,2,competitive,14,-32.451622,-18.84949
dyad_004,20260507_142235_order2,2,competitive,15,-23.26012,-24.977125
dyad_004,20260507_142235_order2,2,competitive,16,-38.81419,-2.674393
dyad_004,20260507_142235_order2,2,competitive,17,-22.283117,-21.76637
dyad_004,20260507_142235_order2,2,competitive,18,-17.449284,-26.742487
dyad_004,20260507_142235_order2,2,competitive,19,-28.118519,-19.49096
dyad_004,20260507_142235_order2,2,competitive,20,-17.537897,-26.277615
dyad_004,20260507_142235_order2,2,competitive,21,-39.719803,-5.8894677
dyad_004,20260507_142235_order2,2,competitive,22,-34.945923,-15.960235
dyad_004,20260507_142235_order2,2,competitive,23,-22.966805,-16.886673
dyad_004,20260507_142235_order2,2,competitive,24,-22.516483,-16.735264
dyad_004,20260507_142235_order2,2,competitive,25,-23.434187,-17.025429
dyad_004,20260507_142235_order2,2,competitive,26,-27.8452,-20.682009
dyad_004,20260507_142235_order2,2,competitive,27,-36.566887,-14.325898
dyad_004,20260507_142235_order2,2,competitive,28,-43.260754,-7.386299
dyad_004,20260507_142235_order2,2,competitive,29,-38.6766,-14.924626
dyad_004,20260507_142235_order2,2,competitive,30,-43.056458,-7.2069607
dyad_004,20260507_142235_order2,2,competitive,31,-26.160034,-32.033287
dyad_004,20260507_142235_order2,2,competitive,32,-26.292767,-33.907627
dyad_004,20260507_142235_order2,2,competitive,33,-43.466698,-5.300724
dyad_004,20260507_142235_order2,2,competitive,34,-44.681973,-4.6189556
dyad_004,20260507_142235_order2,2,competitive,35,-33.28953,-9.850973
dyad_004,20260507_142235_order2,2,competitive,36,-24.557072,-31.801811
dyad_004,20260507_142235_order2,2,competitive,37,-25.189268,-31.268293
dyad_004,20260507_142235_order2,2,competitive,38,-41.5033,-12.448467
dyad_004,20260507_142235_order2,2,competitive,39,-15.599459,-22.236252
dyad_004,20260507_142235_order2,2,competitive,40,-8.728093,-30.617132
dyad_004,20260507_142235_order2,2,competitive,41,-15.763475,-20.007343
dyad_004,20260507_142235_order2,2,competitive,42,-24.31521,-21.452538
dyad_004,20260507_142235_order2,2,competitive,43,-17.674957,-22.520813
dyad_004,20260507_142235_order2,2,competitive,44,-17.614641,-22.70795
dyad_004,20260507_142235_order2,2,competitive,45,-17.186546,-19.905674
dyad_004,20260507_142235_order2,2,competitive,46,-17.229511,-17.421963
dyad_004,20260507_142235_order2,2,competitive,47,-18.76825,-20.841797
dyad_004,20260507_142235_order2,2,competitive,48,-20.439812,-23.048473
dyad_004,20260507_142235_order2,2,competitive,49,-14.372434,-28.306671
dyad_004,20260507_142235_order2,2,competitive,50,-24.53887,-21.272299
dyad_004,20260507_142235_order2,2,competitive,51,-25.596478,-30.714779
dyad_004,20260507_142235_order2,2,competitive,52,-17.28402,-30.154484
dyad_004,20260507_142235_order2,2,competitive,53,19.435682,-10.832528
dyad_004,20260507_142235_order2,2,competitive,54,19.552652,-10.828746
dyad_004,20260507_142235_order2,2,competitive,55,-27.82385,2.1086307
dyad_004,20260507_142235_order2,2,competitive,56,21.552668,-11.00505
dyad_004,20260507_142235_order2,2,competitive,57,-33.872795,-17.483583
dyad_004,20260507_142235_order2,2,competitive,58,-30.669172,-20.263102
dyad_004,20260507_142235_order2,2,competitive,59,-15.571519,-24.717049
dyad_004,20260507_142235_order2,2,competitive,60,20.949188,-12.929757
dyad_004,20260507_142235_order2,2,competitive,61,-16.301704,-24.187635
dyad_004,20260507_142235_order2,2,competitive,62,-35.723312,-16.429848
dyad_004,20260507_142235_order2,2,competitive,63,-46.147675,6.393701
dyad_004,20260507_142235_order2,2,competitive,64,-36.529984,-16.146372
dyad_004,20260507_142235_order2,2,competitive,65,-35.503616,-17.630756
dyad_004,20260507_142235_order2,2,competitive,66,-32.741142,-19.564451
dyad_004,20260507_142235_order2,2,competitive,67,-15.099858,-22.180502
dyad_004,20260507_142235_order2,2,competitive,68,-22.06823,-34.57022
dyad_004,20260507_142235_order2,2,competitive,69,-16.366888,-27.440454
dyad_004,20260507_142235_order2,2,competitive,70,-20.313658,-33.099518
dyad_004,20260507_142235_order2,2,competitive,71,-25.07603,-32.58234
dyad_004,20260507_142235_order2,2,competitive,72,-24.897324,-26.226986
dyad_004,20260507_142235_order2,2,competitive,73,-37.313473,-12.982242
dyad_004,20260507_142235_order2,2,competitive,74,-44.28951,-2.7176735
dyad_004,20260507_142235_order2,2,competitive,75,-40.333195,-4.152173
dyad_004,20260507_142235_order2,2,competitive,76,-39.28404,-5.026093
dyad_004,20260507_143033_order3,3,competitive,0,22.53302,19.029222
dyad_004,20260507_143033_order3,3,competitive,1,-20.957285,-29.860016
dyad_004,20260507_143033_order3,3,competitive,2,-24.237865,-17.357124
dyad_004,20260507_143033_order3,3,competitive,3,-37.37603,-18.50201
dyad_004,20260507_143033_order3,3,competitive,4,-36.73558,-18.629944
dyad_004,20260507_143033_order3,3,competitive,5,-22.229792,-24.049992
dyad_004,20260507_143033_order3,3,competitive,6,-14.108347,-24.59701
dyad_004,20260507_143033_order3,3,competitive,7,-25.407858,-26.814531
dyad_004,20260507_143033_order3,3,competitive,8,-27.771944,-17.883604
dyad_004,20260507_143033_order3,3,competitive,9,-9.582275,-26.862555
dyad_004,20260507_143033_order3,3,competitive,10,-9.586929,-26.507654
dyad_004,20260507_143033_order3,3,competitive,11,-9.472265,-25.98234
dyad_004,20260507_143033_order3,3,competitive,12,-9.582273,-25.627016
dyad_004,20260507_143033_order3,3,competitive,13,-9.842252,-25.023462
dyad_004,20260507_143033_order3,3,competitive,14,-11.383295,-24.270458
dyad_004,20260507_143033_order3,3,competitive,15,-12.678966,-24.403105
dyad_004,20260507_143033_order3,3,competitive,16,-14.309915,-24.757761
dyad_004,20260507_143033_order3,3,competitive,17,-29.483583,-19.551233
dyad_004,20260507_143033_order3,3,competitive,18,-8.986088,-33.17851
dyad_004,20260507_143033_order3,3,competitive,19,-8.92699,-31.132217
dyad_004,20260507_143033_order3,3,competitive,20,-14.293514,-32.63219
dyad_004,20260507_143033_order3,3,competitive,21,-11.285236,-34.601585
dyad_004,20260507_143033_order3,3,competitive,22,-20.156471,-33.630146
dyad_004,20260507_143033_order3,3,competitive,23,-28.071594,-19.33102
dyad_004,20260507_143033_order3,3,competitive,24,-34.55947,-14.742328
dyad_004,20260507_143033_order3,3,competitive,25,-21.19283,-22.034256
dyad_004,20260507_143033_order3,3,competitive,26,-12.233717,-34.305557
dyad_004,20260507_143033_order3,3,competitive,27,-23.654858,-12.4244
dyad_004,20260507_143033_order3,3,competitive,28,-23.22584,-12.302234
dyad_004,20260507_143033_order3,3,competitive,29,-22.705116,-12.386397
dyad_004,20260507_143033_order3,3,competitive,30,-11.836324,-27.461235
dyad_004,20260507_143033_order3,3,competitive,31,-28.977139,-19.182175
dyad_004,20260507_143033_order3,3,competitive,32,-29.124424,-16.766151
dyad_004,20260507_143033_order3,3,competitive,33,-14.778208,-34.460167
dyad_004,20260507_143033_order3,3,competitive,34,-21.295813,-31.992434
dyad_004,20260507_143033_order3,3,competitive,35,-21.59894,-33.429703
dyad_004,20260507_143033_order3,3,competitive,36,-22.990135,-33.782986
dyad_004,20260507_143033_order3,3,competitive,37,-23.475683,-32.642227
dyad_004,20260507_143033_order3,3,competitive,38,-24.785517,-28.388252
dyad_004,20260507_143033_order3,3,competitive,39,-23.2386,-31.11897
dyad_004,20260507_143033_order3,3,competitive,40,-22.560038,-30.702923
dyad_004,20260507_143033_order3,3,competitive,41,-23.200058,-30.514587
dyad_004,20260507_143442_order4,4,competitive,0,-20.864437,-30.501183
dyad_004,20260507_143442_order4,4,competitive,1,-21.11501,-30.940062
dyad_004,20260507_143442_order4,4,competitive,2,-24.767134,-34.58997
dyad_004,20260507_143442_order4,4,competitive,3,-23.574224,-34.401455
dyad_004,20260507_143442_order4,4,competitive,4,-23.7995,-34.400585
dyad_004,20260507_143442_order4,4,competitive,5,-21.346012,-30.76893
dyad_004,20260507_143442_order4,4,competitive,6,-19.709133,-27.261652
dyad_004,20260507_143442_order4,4,competitive,7,-14.403689,-34.95457
dyad_004,20260507_143442_order4,4,competitive,8,-14.136466,-35.59345
dyad_005,20260507_151153_order1,1,baseline,0,30.42063,10.604786
dyad_005,20260507_151153_order1,1,baseline,1,-6.549445,5.686233
dyad_005,20260507_151153_order1,1,baseline,2,-6.7901883,3.9320364
dyad_005,20260507_151153_order1,1,baseline,3,-8.952812,4.7068534
dyad_005,20260507_151153_order1,1,baseline,4,-6.845562,4.8310847
dyad_005,20260507_151153_order1,1,baseline,5,-6.426849,-7.372187
dyad_005,20260507_151153_order1,1,baseline,6,-0.28978586,-6.2024584
dyad_005,20260507_151153_order1,1,baseline,7,-8.056343,-3.1384926
dyad_005,20260507_151153_order1,1,baseline,8,-5.1567626,-0.875913
dyad_005,20260507_151153_order1,1,baseline,9,-3.4535158,-10.860065
dyad_005,20260507_151153_order1,1,baseline,10,-6.192309,-10.119607
dyad_005,20260507_151153_order1,1,baseline,11,-5.17468,-9.987795
dyad_005,20260507_151153_order1,1,baseline,12,-9.800031,-7.0992785
dyad_005,20260507_151153_order1,1,baseline,13,-10.992989,-4.781423
dyad_005,20260507_151153_order1,1,baseline,14,-11.855621,-3.1546564
dyad_005,20260507_151153_order1,1,baseline,15,-8.835553,-7.108233
dyad_005,20260507_151733_order2,2,competitive,0,-5.0596485,4.4341397
dyad_005,20260507_151733_order2,2,competitive,1,-5.1608257,5.302213
dyad_005,20260507_151733_order2,2,competitive,2,-5.299845,5.617277
dyad_005,20260507_151733_order2,2,competitive,3,-3.2051675,1.2388103
dyad_005,20260507_151733_order2,2,competitive,4,15.029519,2.6523118
dyad_005,20260507_151733_order2,2,competitive,5,18.467949,15.651356
dyad_005,20260507_151733_order2,2,competitive,6,-5.516402,3.5854926
dyad_005,20260507_151733_order2,2,competitive,7,-3.415641,-0.021561913
dyad_005,20260507_151733_order2,2,competitive,8,-2.8348176,-8.417462
dyad_005,20260507_151733_order2,2,competitive,9,-1.8308069,-8.0169935
dyad_005,20260507_151733_order2,2,competitive,10,-7.617787,-8.689349
dyad_005,20260507_151733_order2,2,competitive,11,-3.6892526,-8.814017
dyad_005,20260507_151733_order2,2,competitive,12,-3.6573513,-7.741624
dyad_005,20260507_151733_order2,2,competitive,13,-6.905689,-2.1931632
dyad_005,20260507_151733_order2,2,competitive,14,-7.6233172,1.0132574
dyad_005,20260507_151733_order2,2,competitive,15,-3.6068423,0.66363907
dyad_005,20260507_151733_order2,2,competitive,16,0.14432326,-0.8758184
dyad_005,20260507_151733_order2,2,competitive,17,-7.0786595,-8.176815
dyad_005,20260507_151733_order2,2,competitive,18,-9.910386,-6.1830015
dyad_005,20260507_151733_order2,2,competitive,19,-11.301495,-2.861639
dyad_005,20260507_151733_order2,2,competitive,20,-6.737437,-2.0978634
dyad_005,20260507_151733_order2,2,competitive,21,-0.6241987,-0.9192307
dyad_005,20260507_151733_order2,2,competitive,22,-3.1815386,-3.5859573
dyad_005,20260507_151733_order2,2,competitive,23,-12.898123,-10.362515
dyad_005,20260507_151733_order2,2,competitive,24,-7.3862243,3.2402601
dyad_005,20260507_151733_order2,2,competitive,25,-4.3499475,-3.849822
dyad_005,20260507_151733_order2,2,competitive,26,-8.312976,3.0108051
dyad_005,20260507_151733_order2,2,competitive,27,-2.5017762,-5.3034177
dyad_005,20260507_152058_order3,3,competitive,0,0.8082562,-7.6508346
dyad_005,20260507_152058_order3,3,competitive,1,-4.6187825,-9.979604
dyad_005,20260507_152058_order3,3,competitive,2,-4.0082545,-9.886452
dyad_005,20260507_152058_order3,3,competitive,3,-4.63661,-4.866686
dyad_005,20260507_152058_order3,3,competitive,4,-19.181059,-11.718978
dyad_005,20260507_152058_order3,3,competitive,5,-4.005937,-7.2680483
dyad_005,20260507_152058_order3,3,competitive,6,-13.966586,-9.872755
dyad_005,20260507_152058_order3,3,competitive,7,-13.59938,-9.617905
dyad_005,20260507_152058_order3,3,competitive,8,-11.4694805,-7.8480673
dyad_005,20260507_152058_order3,3,competitive,9,-9.727272,-5.055292
dyad_005,20260507_152058_order3,3,competitive,10,-3.8548625,-1.9581974
dyad_005,20260507_152058_order3,3,competitive,11,-3.514108,-1.9637463
dyad_005,20260507_152058_order3,3,competitive,12,-4.511166,-2.3181531
dyad_005,20260507_152058_order3,3,competitive,13,-3.4053645,-2.6409616
dyad_005,20260507_152058_order3,3,competitive,14,-3.9733355,-3.670359
dyad_005,20260507_152058_order3,3,competitive,15,-5.7533307,-3.1319695
dyad_005,20260507_152058_order3,3,competitive,16,-6.013013,-15.17106
dyad_005,20260507_152317_order4,4,competitive,0,-25.111979,-8.771357
dyad_005,20260507_152317_order4,4,competitive,1,-19.383139,-11.603033
dyad_005,20260507_152317_order4,4,competitive,2,-8.249135,-7.5620584
dyad_005,20260507_152317_order4,4,competitive,3,-6.5031366,-5.8227167
dyad_005,20260507_152317_order4,4,competitive,4,-16.288263,-2.3031836
dyad_005,20260507_152317_order4,4,competitive,5,-5.9705963,-5.5573664
dyad_005,20260507_152317_order4,4,competitive,6,-2.2079594,-9.651351
dyad_005,20260507_152317_order4,4,competitive,7,-7.4056253,0.7031921
dyad_005,20260507_152317_order4,4,competitive,8,-9.039107,-5.5855417
dyad_005,20260507_152317_order4,4,competitive,9,-7.4497786,-5.5255814
dyad_005,20260507_152317_order4,4,competitive,10,-4.623363,-6.2651796
dyad_005,20260507_152317_order4,4,competitive,11,-7.6759152,-5.2536426
dyad_005,20260507_152317_order4,4,competitive,12,-4.972071,-7.3193636
dyad_005,20260507_152317_order4,4,competitive,13,-7.590566,-6.348738
dyad_005,20260507_152317_order4,4,competitive,14,-25.353558,-8.738807
dyad_005,20260507_152317_order4,4,competitive,15,-9.240387,-8.5341835
dyad_005,20260507_152317_order4,4,competitive,16,-7.785076,-3.9510586
dyad_005,20260507_152317_order4,4,competitive,17,-8.04746,0.8674289
dyad_005,20260507_152317_order4,4,competitive,18,-3.8121,-8.415665
dyad_005,20260507_152317_order4,4,competitive,19,-1.5598345,-3.622301
dyad_005,20260507_152317_order4,4,competitive,20,-2.9413111,-5.939913
dyad_005,20260507_152317_order4,4,competitive,21,-2.9350681,-6.081827
dyad_005,20260507_152317_order4,4,competitive,22,-5.8889,-8.921445
dyad_005,20260507_152317_order4,4,competitive,23,0.64979416,-0.76536375
dyad_006,20260507_154437_order1,1,baseline,0,-0.30310228,-12.33525
dyad_006,20260507_154437_order1,1,baseline,1,-0.01556611,-12.264877
dyad_006,20260507_154437_order1,1,baseline,2,5.90319,-5.909129
dyad_006,20260507_154437_order1,1,baseline,3,0.8730036,-15.285939
dyad_006,20260507_154437_order1,1,baseline,4,7.007565,-7.041835
dyad_006,20260507_154437_order1,1,baseline,5,7.5856915,-5.247499
dyad_006,20260507_154437_order1,1,baseline,6,6.916002,-2.5893383
dyad_006,20260507_154437_order1,1,baseline,7,8.040629,-0.89563996
dyad_006,20260507_154437_order1,1,baseline,8,7.3140006,-1.0072559
dyad_006,20260507_154437_order1,1,baseline,9,7.02728,-1.0467304
dyad_006,20260507_154437_order1,1,baseline,10,7.1586223,-4.0012064
dyad_006,20260507_154437_order1,1,baseline,11,-0.8703353,-16.384605
dyad_006,20260507_154803_order2,2,competitive,0,-29.227781,-8.264554
dyad_006,20260507_154803_order2,2,competitive,1,-1.7890455,-21.999153
dyad_006,20260507_154803_order2,2,competitive,2,1.0487688,-4.2100105
dyad_006,20260507_154803_order2,2,competitive,3,4.543044,-7.69248
dyad_006,20260507_154803_order2,2,competitive,4,5.4626737,-9.230429
dyad_006,20260507_154803_order2,2,competitive,5,0.31377202,-8.254388
dyad_006,20260507_154803_order2,2,competitive,6,-0.6391624,-16.691097
dyad_006,20260507_154803_order2,2,competitive,7,-1.4164898,-20.53599
dyad_006,20260507_154803_order2,2,competitive,8,2.032217,-4.238968
dyad_006,20260507_154803_order2,2,competitive,9,16.07954,-4.4714437
dyad_006,20260507_154803_order2,2,competitive,10,8.261893,-7.990703
dyad_006,20260507_154803_order2,2,competitive,11,9.089656,-6.302643
dyad_006,20260507_154803_order2,2,competitive,12,8.824546,-7.1932335
dyad_006,20260507_154803_order2,2,competitive,13,1.6759473,1.9785943
dyad_006,20260507_154803_order2,2,competitive,14,8.750837,1.8993477
dyad_006,20260507_154803_order2,2,competitive,15,14.66143,-0.39022717
dyad_006,20260507_154803_order2,2,competitive,16,7.064302,3.2039776
dyad_006,20260507_154803_order2,2,competitive,17,7.142386,2.8543727
dyad_006,20260507_154803_order2,2,competitive,18,-4.3848834,-21.62012
dyad_006,20260507_154803_order2,2,competitive,19,11.226213,5.7341647
dyad_006,20260507_154803_order2,2,competitive,20,15.284327,6.4959054
dyad_006,20260507_154803_order2,2,competitive,21,11.164818,5.8886433
dyad_006,20260507_154803_order2,2,competitive,22,13.508776,3.3627248
dyad_006,20260507_154803_order2,2,competitive,23,13.97483,4.0138726
dyad_006,20260507_154803_order2,2,competitive,24,16.43823,27.565203
dyad_006,20260507_154803_order2,2,competitive,25,16.820229,7.4183955
dyad_006,20260507_154803_order2,2,competitive,26,16.391731,25.177027
dyad_006,20260507_154803_order2,2,competitive,27,17.873133,26.641378
dyad_006,20260507_154803_order2,2,competitive,28,17.352327,25.43822
dyad_006,20260507_154803_order2,2,competitive,29,11.8004,3.351846
dyad_006,20260507_154803_order2,2,competitive,30,15.225825,0.81638265
dyad_006,20260507_154803_order2,2,competitive,31,17.516203,25.725548
dyad_006,20260507_154803_order2,2,competitive,32,18.143532,25.838099
dyad_006,20260507_154803_order2,2,competitive,33,18.206793,24.922678
dyad_006,20260507_154803_order2,2,competitive,34,7.872899,2.9567623
dyad_006,20260507_154803_order2,2,competitive,35,8.52577,2.509427
dyad_006,20260507_154803_order2,2,competitive,36,4.6611643,-2.943692
dyad_006,20260507_154803_order2,2,competitive,37,14.21837,3.9876592
dyad_006,20260507_154803_order2,2,competitive,38,16.69815,27.213648
dyad_006,20260507_154803_order2,2,competitive,39,17.221125,25.226547
dyad_006,20260507_154803_order2,2,competitive,40,9.868449,3.9207945
dyad_006,20260507_154803_order2,2,competitive,41,17.308037,6.629527
dyad_006,20260507_154803_order2,2,competitive,42,17.13411,6.543977
dyad_006,20260507_154803_order2,2,competitive,43,9.6635275,3.8414748
dyad_006,20260507_154803_order2,2,competitive,44,2.5527823,-10.748391
dyad_006,20260507_154803_order2,2,competitive,45,11.542495,4.098199
dyad_006,20260507_154803_order2,2,competitive,46,14.265406,1.8468616
dyad_006,20260507_154803_order2,2,competitive,47,3.57264,1.4051532
dyad_006,20260507_154803_order2,2,competitive,48,-1.544238,-19.458591
dyad_006,20260507_154803_order2,2,competitive,49,8.328124,1.3919632
dyad_006,20260507_154803_order2,2,competitive,50,3.0258732,-6.9013925
dyad_006,20260507_154803_order2,2,competitive,51,1.3120078,-7.2075663
dyad_006,20260507_154803_order2,2,competitive,52,2.237959,-4.47414
dyad_006,20260507_154803_order2,2,competitive,53,1.8887682,-3.1340845
dyad_006,20260507_154803_order2,2,competitive,54,1.9049214,-8.263219
dyad_006,20260507_154803_order2,2,competitive,55,4.722521,-3.4479992
dyad_006,20260507_154803_order2,2,competitive,56,8.203575,-4.5248647
dyad_006,20260507_154803_order2,2,competitive,57,-1.1938264,-20.16731
dyad_006,20260507_155406_order3,3,competitive,0,3.0394456,-11.983586
dyad_006,20260507_155406_order3,3,competitive,1,13.50092,-2.911486
dyad_006,20260507_155406_order3,3,competitive,2,8.598987,-0.74237376
dyad_006,20260507_155406_order3,3,competitive,3,4.0605407,-3.9003596
dyad_006,20260507_155406_order3,3,competitive,4,3.5639448,1.4382881
dyad_006,20260507_155406_order3,3,competitive,5,7.0692024,-8.385125
dyad_006,20260507_155406_order3,3,competitive,6,3.1945028,-9.750706
dyad_006,20260507_155406_order3,3,competitive,7,10.160577,-3.5508382
dyad_006,20260507_155406_order3,3,competitive,8,9.08797,-5.572064
dyad_006,20260507_155406_order3,3,competitive,9,17.610983,2.2487628
dyad_006,20260507_155406_order3,3,competitive,10,8.972007,5.4904876
dyad_006,20260507_155406_order3,3,competitive,11,8.883355,5.4836493
dyad_006,20260507_155406_order3,3,competitive,12,9.681066,-7.352872
dyad_006,20260507_155406_order3,3,competitive,13,10.80178,-5.229627
dyad_006,20260507_155406_order3,3,competitive,14,1.7688893,-0.5773976
dyad_006,20260507_155542_order4,4,competitive,0,3.8221622,-12.86933
dyad_006,20260507_155542_order4,4,competitive,1,-2.3089514,-1.1809359
dyad_006,20260507_155542_order4,4,competitive,2,6.797972,-3.4694514
dyad_006,20260507_155542_order4,4,competitive,3,15.310631,4.2602715
dyad_006,20260507_155542_order4,4,competitive,4,5.5412145,-18.245346
dyad_006,20260507_155542_order4,4,competitive,5,10.459822,-6.450359
dyad_007,20260510_112436_order1,1,baseline,0,45.670414,11.473189
dyad_007,20260510_112436_order1,1,baseline,1,44.714504,7.9271626
dyad_007,20260510_112436_order1,1,baseline,2,45.605377,8.162222
dyad_007,20260510_112436_order1,1,baseline,3,43.62754,16.946783
dyad_007,20260510_112436_order1,1,baseline,4,41.173523,23.102024
dyad_007,20260510_112436_order1,1,baseline,5,36.232536,17.16926
dyad_007,20260510_112436_order1,1,baseline,6,26.186836,23.217154
dyad_007,20260510_112436_order1,1,baseline,7,46.037914,11.990185
dyad_007,20260510_112436_order1,1,baseline,8,34.313595,19.064884
dyad_007,20260510_112436_order1,1,baseline,9,31.55644,11.502976
dyad_007,20260510_112436_order1,1,baseline,10,37.054512,22.359447
dyad_007,20260510_112436_order1,1,baseline,11,36.839138,22.32806
dyad_007,20260510_112436_order1,1,baseline,12,37.94307,14.471452
dyad_007,20260510_112436_order1,1,baseline,13,36.016514,15.263725
dyad_007,20260510_112436_order1,1,baseline,14,26.191072,23.546915
dyad_007,20260510_112937_order2,2,competitive,0,42.752316,12.12903
dyad_007,20260510_112937_order2,2,competitive,1,36.076717,3.5296538
dyad_007,20260510_112937_order2,2,competitive,2,36.904526,0.98553634
dyad_007,20260510_112937_order2,2,competitive,3,33.53041,11.866225
dyad_007,20260510_112937_order2,2,competitive,4,32.67528,12.250178
dyad_007,20260510_112937_order2,2,competitive,5,32.343204,12.60788
dyad_007,20260510_112937_order2,2,competitive,6,31.687784,13.432307
dyad_007,20260510_112937_order2,2,competitive,7,26.4511,17.870571
dyad_007,20260510_112937_order2,2,competitive,8,34.422787,11.302156
dyad_007,20260510_112937_order2,2,competitive,9,43.55335,10.419545
dyad_007,20260510_112937_order2,2,competitive,10,41.771557,6.672181
dyad_007,20260510_112937_order2,2,competitive,11,42.548134,9.628783
dyad_007,20260510_112937_order2,2,competitive,12,43.498947,9.065286
dyad_007,20260510_112937_order2,2,competitive,13,43.75054,6.9615455
dyad_007,20260510_112937_order2,2,competitive,14,36.693367,1.2634923
dyad_007,20260510_112937_order2,2,competitive,15,34.29323,15.553035
dyad_007,20260510_112937_order2,2,competitive,16,42.762722,7.9501452
dyad_007,20260510_112937_order2,2,competitive,17,42.574474,7.4944053
dyad_007,20260510_112937_order2,2,competitive,18,41.76399,9.075665
dyad_007,20260510_112937_order2,2,competitive,19,41.50433,6.9275107
dyad_007,20260510_112937_order2,2,competitive,20,41.4687,10.697046
dyad_007,20260510_112937_order2,2,competitive,21,35.595448,9.952195
dyad_007,20260510_112937_order2,2,competitive,22,41.27386,10.623718
dyad_007,20260510_112937_order2,2,competitive,23,41.456802,28.063576
dyad_007,20260510_112937_order2,2,competitive,24,32.235466,17.180498
dyad_007,20260510_112937_order2,2,competitive,25,26.79054,17.882704
dyad_007,20260510_112937_order2,2,competitive,26,30.307835,16.19947
dyad_007,20260510_112937_order2,2,competitive,27,36.421967,13.358228
dyad_007,20260510_112937_order2,2,competitive,28,35.897987,6.4341073
dyad_007,20260510_112937_order2,2,competitive,29,33.91666,5.800701
dyad_007,20260510_112937_order2,2,competitive,30,35.39954,6.2061987
dyad_007,20260510_112937_order2,2,competitive,31,32.448277,10.2283945
dyad_007,20260510_112937_order2,2,competitive,32,27.308523,8.0113735
dyad_007,20260510_112937_order2,2,competitive,33,35.06626,11.925871
dyad_007,20260510_112937_order2,2,competitive,34,26.494438,22.511639
dyad_007,20260510_112937_order2,2,competitive,35,-11.189974,17.242441
dyad_007,20260510_112937_order2,2,competitive,36,37.39205,27.955704
dyad_007,20260510_112937_order2,2,competitive,37,30.903986,27.692453
dyad_007,20260510_112937_order2,2,competitive,38,31.904886,27.45072
dyad_007,20260510_112937_order2,2,competitive,39,32.66087,27.379278
dyad_007,20260510_112937_order2,2,competitive,40,37.66547,19.824675
dyad_007,20260510_113403_order3,3,competitive,0,42.676785,10.799062
dyad_007,20260510_113403_order3,3,competitive,1,38.22965,11.260587
dyad_007,20260510_113403_order3,3,competitive,2,35.47231,2.6685033
dyad_007,20260510_113403_order3,3,competitive,3,35.61962,2.0098565
dyad_007,20260510_113403_order3,3,competitive,4,40.614536,11.491799
dyad_007,20260510_113403_order3,3,competitive,5,47.110287,22.568254
dyad_007,20260510_113403_order3,3,competitive,6,44.139988,16.214685
dyad_007,20260510_113403_order3,3,competitive,7,45.597996,15.701392
dyad_007,20260510_113403_order3,3,competitive,8,-8.836801,37.70685
dyad_007,20260510_113403_order3,3,competitive,9,40.65124,13.713825
dyad_007,20260510_113403_order3,3,competitive,10,27.99753,12.7203245
dyad_007,20260510_113403_order3,3,competitive,11,29.289942,13.886823
dyad_007,20260510_113403_order3,3,competitive,12,20.984463,7.6106253
dyad_007,20260510_113403_order3,3,competitive,13,38.163322,11.525048
dyad_007,20260510_113403_order3,3,competitive,14,31.987999,15.200915
dyad_007,20260510_113403_order3,3,competitive,15,30.755478,16.96123
dyad_007,20260510_113403_order3,3,competitive,16,28.154102,17.057226
dyad_007,20260510_113403_order3,3,competitive,17,31.719051,15.136645
dyad_007,20260510_113403_order3,3,competitive,18,34.293175,13.494583
dyad_007,20260510_113403_order3,3,competitive,19,29.336174,14.382955
dyad_007,20260510_113403_order3,3,competitive,20,28.158592,14.848121
dyad_007,20260510_113403_order3,3,competitive,21,35.524826,19.04156
dyad_007,20260510_113403_order3,3,competitive,22,34.679394,18.027842
dyad_007,20260510_113403_order3,3,competitive,23,37.61145,25.577473
dyad_007,20260510_113403_order3,3,competitive,24,30.685925,26.221468
dyad_007,20260510_113403_order3,3,competitive,25,27.06322,15.577104
dyad_007,20260510_113658_order4,4,competitive,0,38.912685,10.2439
dyad_007,20260510_113658_order4,4,competitive,1,39.54712,13.02764
dyad_007,20260510_113658_order4,4,competitive,2,40.45562,13.877854
dyad_007,20260510_113658_order4,4,competitive,3,37.161453,7.8294806
dyad_007,20260510_113658_order4,4,competitive,4,37.612892,8.883534
dyad_007,20260510_113658_order4,4,competitive,5,40.467968,4.386283
dyad_007,20260510_113658_order4,4,competitive,6,41.34857,8.040832
dyad_007,20260510_113658_order4,4,competitive,7,28.293886,20.537195
dyad_007,20260510_113658_order4,4,competitive,8,25.012701,17.952751
dyad_007,20260510_113658_order4,4,competitive,9,19.986431,7.9481845
dyad_007,20260510_113658_order4,4,competitive,10,26.666739,14.072988
dyad_007,20260510_113658_order4,4,competitive,11,26.17623,14.808709
dyad_007,20260510_113658_order4,4,competitive,12,25.770746,14.391961
dyad_007,20260510_113658_order4,4,competitive,13,30.273045,23.022116
dyad_007,20260510_113658_order4,4,competitive,14,20.45097,10.607879
dyad_007,20260510_113658_order4,4,competitive,15,39.335648,7.25133
dyad_007,20260510_113658_order4,4,competitive,16,39.005558,8.008649
dyad_007,20260510_113658_order4,4,competitive,17,41.009277,17.063745
dyad_007,20260510_113658_order4,4,competitive,18,32.854244,8.0242605
dyad_007,20260510_113658_order4,4,competitive,19,27.84331,-1.2156023
dyad_007,20260510_113658_order4,4,competitive,20,25.266516,21.749474
dyad_007,20260510_113658_order4,4,competitive,21,31.20438,20.877289
dyad_007,20260510_113658_order4,4,competitive,22,39.904617,9.887242
dyad_007,20260510_113658_order4,4,competitive,23,32.59346,6.499908
dyad_007,20260510_113658_order4,4,competitive,24,31.941273,6.212883
dyad_007,20260510_113658_order4,4,competitive,25,40.29751,8.36895
dyad_007,20260510_113658_order4,4,competitive,26,39.86887,8.690278
dyad_007,20260510_113658_order4,4,competitive,27,39.37579,11.806445
dyad_007,20260510_113658_order4,4,competitive,28,38.00446,15.560997
dyad_007,20260510_113658_order4,4,competitive,29,33.336174,7.9872727
dyad_007,20260510_113658_order4,4,competitive,30,36.039207,8.107735
dyad_007,20260510_113658_order4,4,competitive,31,36.848606,14.61755
dyad_007,20260510_113658_order4,4,competitive,32,36.69777,10.581483
dyad_007,20260510_113658_order4,4,competitive,33,38.02094,9.357769
dyad_007,20260510_113658_order4,4,competitive,34,29.29133,22.068218
dyad_007,20260510_113658_order4,4,competitive,35,27.148127,22.369823
dyad_007,20260510_113658_order4,4,competitive,36,28.826933,21.275953
dyad_007,20260510_113658_order4,4,competitive,37,36.79034,12.857785
dyad_007,20260510_113658_order4,4,competitive,38,-11.069756,35.844437
dyad_007,20260510_113658_order4,4,competitive,39,39.333626,9.51468
dyad_007,20260510_113658_order4,4,competitive,40,38.981583,15.189718
dyad_007,20260510_113658_order4,4,competitive,41,36.92664,18.725275
dyad_007,20260510_113658_order4,4,competitive,42,36.476933,17.497581
dyad_007,20260510_113658_order4,4,competitive,43,25.589659,18.855946
dyad_007,20260510_113658_order4,4,competitive,44,34.10583,8.300553
dyad_007,20260510_113658_order4,4,competitive,45,45.574,17.918156
dyad_007,20260510_113658_order4,4,competitive,46,41.4198,20.726147
dyad_007,20260510_113658_order4,4,competitive,47,46.64715,22.103971
dyad_007,20260510_113658_order4,4,competitive,48,32.802822,21.636229
dyad_007,20260510_113658_order4,4,competitive,49,45.041874,17.833963
dyad_007,20260510_113658_order4,4,competitive,50,-11.492246,37.031216
dyad_007,20260510_113658_order4,4,competitive,51,46.270462,22.682028
dyad_007,20260510_113658_order4,4,competitive,52,0.20690109,42.15226
dyad_007,20260510_113658_order4,4,competitive,53,45.0902,20.08905
dyad_007,20260510_113658_order4,4,competitive,54,31.329178,23.694834
dyad_007,20260510_113658_order4,4,competitive,55,34.830433,25.557198
dyad_007,20260510_113658_order4,4,competitive,56,34.741436,26.487848
dyad_007,20260510_113658_order4,4,competitive,57,39.40956,20.085613
dyad_007,20260510_113658_order4,4,competitive,58,42.554165,16.545065
dyad_007,20260510_113658_order4,4,competitive,59,41.192463,27.817083
dyad_007,20260510_113658_order4,4,competitive,60,34.691048,20.512884
dyad_007,20260510_113658_order4,4,competitive,61,33.97379,20.590475
dyad_007,20260510_113658_order4,4,competitive,62,38.411667,23.522692
dyad_007,20260510_113658_order4,4,competitive,63,43.527496,14.3177595
dyad_007,20260510_113658_order4,4,competitive,64,34.635193,22.022514
dyad_007,20260510_113658_order4,4,competitive,65,30.404099,18.231554
dyad_007,20260510_113658_order4,4,competitive,66,32.56262,26.46466
dyad_007,20260510_113658_order4,4,competitive,67,37.36125,26.73015
dyad_007,20260510_113658_order4,4,competitive,68,37.54173,25.956877
dyad_007,20260510_113658_order4,4,competitive,69,40.358738,21.411339
dyad_007,20260510_113658_order4,4,competitive,70,40.72995,20.555435
dyad_007,20260510_113658_order4,4,competitive,71,41.537037,22.060146
dyad_007,20260510_113658_order4,4,competitive,72,34.891544,24.468088
dyad_007,20260510_113658_order4,4,competitive,73,40.039467,18.444042
dyad_007,20260510_113658_order4,4,competitive,74,30.849102,27.76531
dyad_007,20260510_113658_order4,4,competitive,75,28.5212,15.714693
dyad_007,20260510_113658_order4,4,competitive,76,-24.942804,15.093496
dyad_007,20260510_113658_order4,4,competitive,77,-13.110777,7.1642094
dyad_007,20260510_113658_order4,4,competitive,78,38.21733,13.50554
dyad_007,20260510_113658_order4,4,competitive,79,32.332966,23.830805
dyad_007,20260510_113658_order4,4,competitive,80,27.66214,13.970037
dyad_007,20260510_113658_order4,4,competitive,81,30.755651,17.720081
dyad_007,20260510_113658_order4,4,competitive,82,23.311092,25.257702
dyad_007,20260510_113658_order4,4,competitive,83,28.991497,18.26812
dyad_007,20260510_113658_order4,4,competitive,84,33.591015,24.786278
dyad_007,20260510_113658_order4,4,competitive,85,33.200626,24.678871
dyad_007,20260510_113658_order4,4,competitive,86,29.428822,18.266672
dyad_007,20260510_113658_order4,4,competitive,87,29.429976,26.434818
dyad_007,20260510_113658_order4,4,competitive,88,33.03644,24.574879
dyad_007,20260510_113658_order4,4,competitive,89,32.542892,14.909865
dyad_007,20260510_113658_order4,4,competitive,90,41.283943,18.888262
dyad_007,20260510_113658_order4,4,competitive,91,36.08597,24.050259
dyad_007,20260510_113658_order4,4,competitive,92,35.931625,23.564198
dyad_007,20260510_113658_order4,4,competitive,93,24.118347,11.851785
dyad_007,20260510_113658_order4,4,competitive,94,23.539093,11.793375
dyad_007,20260510_113658_order4,4,competitive,95,23.846334,25.15512
dyad_007,20260510_113658_order4,4,competitive,96,36.497734,26.919064
dyad_007,20260510_113658_order4,4,competitive,97,43.238144,24.110971
dyad_007,20260510_113658_order4,4,competitive,98,46.661537,21.185934
dyad_007,20260510_113658_order4,4,competitive,99,-10.342484,37.822426
dyad_007,20260510_113658_order4,4,competitive,100,28.408138,23.642597
dyad_007,20260510_113658_order4,4,competitive,101,28.79754,23.709425
dyad_007,20260510_113658_order4,4,competitive,102,43.259647,15.498885
dyad_007,20260510_113658_order4,4,competitive,103,44.494907,16.196709
dyad_007,20260510_113658_order4,4,competitive,104,38.03765,22.143955
dyad_007,20260510_113658_order4,4,competitive,105,38.71553,21.876139
dyad_007,20260510_113658_order4,4,competitive,106,19.260881,19.030523
dyad_007,20260510_113658_order4,4,competitive,107,29.264702,16.119831
dyad_007,20260510_113658_order4,4,competitive,108,-13.98501,-2.0792952
dyad_007,20260510_113658_order4,4,competitive,109,24.934587,12.786983
dyad_007,20260510_113658_order4,4,competitive,110,43.244957,17.891665
dyad_007,20260510_113658_order4,4,competitive,111,26.176302,30.516048
dyad_007,20260510_113658_order4,4,competitive,112,35.51444,30.427572
dyad_007,20260510_113658_order4,4,competitive,113,35.861294,31.198048
dyad_007,20260510_113658_order4,4,competitive,114,35.807514,30.697062
dyad_007,20260510_113658_order4,4,competitive,115,23.956516,15.749946
dyad_007,20260510_113658_order4,4,competitive,116,-12.426444,16.714834
dyad_007,20260510_113658_order4,4,competitive,117,-1.1841133,30.351715
dyad_007,20260510_113658_order4,4,competitive,118,35.25103,22.55631
dyad_007,20260510_113658_order4,4,competitive,119,42.402805,21.374834
dyad_007,20260510_113658_order4,4,competitive,120,42.639442,20.665531
dyad_007,20260510_113658_order4,4,competitive,121,-2.8895805,1.8560152
dyad_007,20260510_113658_order4,4,competitive,122,42.58439,19.84432
dyad_007,20260510_113658_order4,4,competitive,123,37.504787,24.367273
dyad_007,20260510_113658_order4,4,competitive,124,31.282892,25.840641
dyad_007,20260510_113658_order4,4,competitive,125,41.234444,22.545544
dyad_007,20260510_113658_order4,4,competitive,126,42.142853,19.338568
dyad_007,20260510_113658_order4,4,competitive,127,35.70048,19.963896
dyad_007,20260510_113658_order4,4,competitive,128,36.189026,19.740942
dyad_007,20260510_113658_order4,4,competitive,129,39.587994,19.085655
dyad_007,20260510_113658_order4,4,competitive,130,35.578236,21.037022
dyad_007,20260510_113658_order4,4,competitive,131,38.888096,16.3561
dyad_007,20260510_113658_order4,4,competitive,132,37.319553,17.304144
dyad_007,20260510_113658_order4,4,competitive,133,34.467026,14.947758
dyad_007,20260510_113658_order4,4,competitive,134,33.89114,13.626395
dyad_007,20260510_113658_order4,4,competitive,135,38.210102,18.061325
dyad_007,20260510_113658_order4,4,competitive,136,39.91569,21.964125
dyad_007,20260510_113658_order4,4,competitive,137,33.840767,15.700027
dyad_007,20260510_113658_order4,4,competitive,138,39.338863,5.839373
dyad_008,20260510_121708_order1,1,baseline,0,18.543106,-2.7555413
dyad_008,20260510_121708_order1,1,baseline,1,1.7213308,15.858639
dyad_008,20260510_121708_order1,1,baseline,2,-7.617213,19.812616
dyad_008,20260510_121708_order1,1,baseline,3,-8.195225,21.532463
dyad_008,20260510_121708_order1,1,baseline,4,-48.00213,-7.1704497
dyad_008,20260510_121708_order1,1,baseline,5,-47.58102,-5.4299784
dyad_008,20260510_121708_order1,1,baseline,6,-8.353614,25.399267
dyad_008,20260510_121708_order1,1,baseline,7,-47.47061,-6.0935063
dyad_008,20260510_121708_order1,1,baseline,8,-8.470636,20.742249
dyad_008,20260510_121708_order1,1,baseline,9,-12.061356,22.348658
dyad_008,20260510_121708_order1,1,baseline,10,-14.368898,29.78107
dyad_008,20260510_121708_order1,1,baseline,11,-12.667052,25.36717
dyad_008,20260510_121708_order1,1,baseline,12,-47.76578,-5.1207027
dyad_008,20260510_121708_order1,1,baseline,13,-12.930536,32.565113
dyad_008,20260510_122126_order2,2,competitive,0,-9.233419,22.810133
dyad_008,20260510_122126_order2,2,competitive,1,-9.481873,23.074541
dyad_008,20260510_122126_order2,2,competitive,2,-14.086143,33.246197
dyad_008,20260510_122126_order2,2,competitive,3,-8.726286,24.35695
dyad_008,20260510_122126_order2,2,competitive,4,-6.2518535,24.596588
dyad_008,20260510_122126_order2,2,competitive,5,-7.872411,22.581291
dyad_008,20260510_122126_order2,2,competitive,6,-6.6111894,22.408432
dyad_008,20260510_122126_order2,2,competitive,7,-5.0045495,21.543127
dyad_008,20260510_122126_order2,2,competitive,8,-11.994753,24.911093
dyad_008,20260510_122126_order2,2,competitive,9,-13.84308,24.981245
dyad_008,20260510_122126_order2,2,competitive,10,-11.541639,24.558203
dyad_008,20260510_122126_order2,2,competitive,11,-7.122684,25.824272
dyad_008,20260510_122126_order2,2,competitive,12,-3.9379761,20.051462
dyad_008,20260510_122126_order2,2,competitive,13,-7.2795415,26.637959
dyad_008,20260510_122126_order2,2,competitive,14,-6.6523943,26.790916
dyad_008,20260510_122126_order2,2,competitive,15,8.051992,21.866625
dyad_008,20260510_122126_order2,2,competitive,16,8.414458,25.68814
dyad_008,20260510_122126_order2,2,competitive,17,9.336353,15.902664
dyad_008,20260510_122126_order2,2,competitive,18,7.6142783,20.440382
dyad_008,20260510_122126_order2,2,competitive,19,9.153658,20.111998
dyad_008,20260510_122126_order2,2,competitive,20,10.125601,15.197027
dyad_008,20260510_122126_order2,2,competitive,21,7.6947255,15.025211
dyad_008,20260510_122126_order2,2,competitive,22,17.029213,8.375623
dyad_008,20260510_122126_order2,2,competitive,23,-11.318087,27.229095
dyad_008,20260510_122126_order2,2,competitive,24,-11.3410845,27.3424
dyad_008,20260510_122126_order2,2,competitive,25,8.177971,14.590643
dyad_008,20260510_122126_order2,2,competitive,26,17.023924,9.074619
dyad_008,20260510_122126_order2,2,competitive,27,18.16011,15.255986
dyad_008,20260510_122126_order2,2,competitive,28,3.179613,21.516434
dyad_008,20260510_122126_order2,2,competitive,29,-3.7759693,-16.652628
dyad_008,20260510_122126_order2,2,competitive,30,5.781797,23.720156
dyad_008,20260510_122126_order2,2,competitive,31,6.78338,22.634806
dyad_008,20260510_122126_order2,2,competitive,32,12.130352,17.977478
dyad_008,20260510_122126_order2,2,competitive,33,8.611731,25.245579
dyad_008,20260510_122126_order2,2,competitive,34,5.736825,23.800508
dyad_008,20260510_122126_order2,2,competitive,35,14.526958,10.988848
dyad_008,20260510_122126_order2,2,competitive,36,14.376007,10.414999
dyad_008,20260510_122126_order2,2,competitive,37,12.419709,10.577343
dyad_008,20260510_122126_order2,2,competitive,38,13.141916,11.989201
dyad_008,20260510_122534_order3,3,competitive,0,10.053246,17.604174
dyad_008,20260510_122534_order3,3,competitive,1,6.53004,19.673702
dyad_008,20260510_122534_order3,3,competitive,2,-3.4947517,23.344559
dyad_008,20260510_122534_order3,3,competitive,3,6.7879453,16.94636
dyad_008,20260510_122534_order3,3,competitive,4,11.042815,12.542968
dyad_008,20260510_122534_order3,3,competitive,5,-12.763198,28.452099
dyad_008,20260510_122534_order3,3,competitive,6,-4.255646,20.421972
dyad_008,20260510_122534_order3,3,competitive,7,5.670766,16.771414
dyad_008,20260510_122534_order3,3,competitive,8,-10.148064,28.585733
dyad_008,20260510_122534_order3,3,competitive,9,-10.109937,27.975143
dyad_008,20260510_122534_order3,3,competitive,10,-10.166385,27.340149
dyad_008,20260510_122534_order3,3,competitive,11,-11.905888,23.660553
dyad_008,20260510_122534_order3,3,competitive,12,-8.427626,27.566545
dyad_008,20260510_122534_order3,3,competitive,13,-14.332141,33.55786
dyad_008,20260510_122534_order3,3,competitive,14,11.493794,21.471272
dyad_008,20260510_122534_order3,3,competitive,15,12.085973,20.043795
dyad_008,20260510_122534_order3,3,competitive,16,11.46464,21.405972
dyad_008,20260510_122534_order3,3,competitive,17,7.1726947,17.86634
dyad_008,20260510_122534_order3,3,competitive,18,8.439797,13.986466
dyad_008,20260510_122534_order3,3,competitive,19,6.8372188,13.322584
dyad_008,20260510_122534_order3,3,competitive,20,15.114723,11.985872
dyad_008,20260510_122534_order3,3,competitive,21,-9.542843,26.267296
dyad_008,20260510_122534_order3,3,competitive,22,10.238833,13.4342165
dyad_008,20260510_122534_order3,3,competitive,23,-13.305637,30.015215
dyad_008,20260510_122534_order3,3,competitive,24,-12.762926,28.329395
dyad_008,20260510_122534_order3,3,competitive,25,1.3697944,20.38612
dyad_008,20260510_122534_order3,3,competitive,26,1.3163629,21.208834
dyad_008,20260510_122534_order3,3,competitive,27,3.7624586,19.22414
dyad_008,20260510_122534_order3,3,competitive,28,3.8266459,18.452356
dyad_008,20260510_122534_order3,3,competitive,29,0.3699998,23.082664
dyad_008,20260510_122534_order3,3,competitive,30,-8.884452,3.6590912
dyad_008,20260510_122534_order3,3,competitive,31,8.401092,32.049164
dyad_008,20260510_122925_order4,4,competitive,0,8.683355,17.025387
dyad_008,20260510_122925_order4,4,competitive,1,4.314774,15.354257
dyad_008,20260510_122925_order4,4,competitive,2,6.03073,17.71826
dyad_008,20260510_122925_order4,4,competitive,3,8.636854,21.905333
dyad_008,20260510_122925_order4,4,competitive,4,-8.021902,27.327854
dyad_008,20260510_122925_order4,4,competitive,5,14.630146,20.71017
dyad_008,20260510_122925_order4,4,competitive,6,12.12979,17.86293
dyad_008,20260510_122925_order4,4,competitive,7,-3.3896732,24.891466
dyad_008,20260510_122925_order4,4,competitive,8,-4.2023325,23.830833
dyad_008,20260510_122925_order4,4,competitive,9,-4.7803354,30.165174
dyad_008,20260510_122925_order4,4,competitive,10,7.9876223,20.83887
dyad_008,20260510_122925_order4,4,competitive,11,-11.796958,32.369774
dyad_008,20260510_122925_order4,4,competitive,12,-3.0983155,18.114843
dyad_008,20260510_122925_order4,4,competitive,13,-6.523559,28.01361
dyad_008,20260510_122925_order4,4,competitive,14,2.4216049,16.265547
dyad_008,20260510_122925_order4,4,competitive,15,2.951807,15.173513
dyad_008,20260510_122925_order4,4,competitive,16,1.6159598,17.884504
dyad_008,20260510_122925_order4,4,competitive,17,3.4437833,16.272911
dyad_008,20260510_122925_order4,4,competitive,18,3.66622,17.245604
dyad_008,20260510_122925_order4,4,competitive,19,3.7054589,19.802366
dyad_008,20260510_122925_order4,4,competitive,20,1.0624487,22.176252
dyad_008,20260510_122925_order4,4,competitive,21,4.4341817,20.34596
dyad_008,20260510_122925_order4,4,competitive,22,-10.150106,25.412273
dyad_008,20260510_122925_order4,4,competitive,23,-1.5705296,20.032604
dyad_008,20260510_122925_order4,4,competitive,24,-0.7049191,18.528564
dyad_008,20260510_122925_order4,4,competitive,25,-1.3634111,19.85907
dyad_008,20260510_122925_order4,4,competitive,26,-7.665284,22.245407
dyad_008,20260510_122925_order4,4,competitive,27,-1.1049632,16.640097
dyad_008,20260510_122925_order4,4,competitive,28,-1.5758383,17.706259
dyad_008,20260510_122925_order4,4,competitive,29,5.2734637,15.446134
dyad_008,20260510_122925_order4,4,competitive,30,1.9276277,22.390495
dyad_008,20260510_122925_order4,4,competitive,31,-0.20825708,23.366657
dyad_008,20260510_122925_order4,4,competitive,32,-1.9680481,25.917763
dyad_008,20260510_122925_order4,4,competitive,33,-5.357699,25.276724
dyad_008,20260510_122925_order4,4,competitive,34,-8.699991,31.80501
dyad_008,20260510_122925_order4,4,competitive,35,-7.663607,24.839743
dyad_008,20260510_122925_order4,4,competitive,36,-7.9277368,24.95002
dyad_008,20260510_122925_order4,4,competitive,37,-3.1758041,25.085808
dyad_008,20260510_122925_order4,4,competitive,38,8.984645,18.504496
dyad_008,20260510_122925_order4,4,competitive,39,-4.1138096,27.260864
dyad_008,20260510_122925_order4,4,competitive,40,6.5511236,14.263625
dyad_008,20260510_122925_order4,4,competitive,41,10.322726,14.667192
dyad_008,20260510_122925_order4,4,competitive,42,11.317185,15.053707
dyad_008,20260510_122925_order4,4,competitive,43,17.771494,11.548523
dyad_008,20260510_122925_order4,4,competitive,44,-46.184143,-1.4377027
dyad_008,20260510_122925_order4,4,competitive,45,8.651395,11.593709
dyad_008,20260510_122925_order4,4,competitive,46,15.880049,10.987119
dyad_008,20260510_122925_order4,4,competitive,47,16.915384,13.086963
dyad_008,20260510_122925_order4,4,competitive,48,16.357563,13.8970995
dyad_008,20260510_122925_order4,4,competitive,49,6.696251,20.548635
dyad_008,20260510_122925_order4,4,competitive,50,11.035645,16.514814
dyad_008,20260510_122925_order4,4,competitive,51,-34.20725,18.372526
dyad_008,20260510_122925_order4,4,competitive,52,-5.943119,39.35386
dyad_008,20260510_122925_order4,4,competitive,53,7.5522447,16.362835
dyad_008,20260510_122925_order4,4,competitive,54,12.721951,14.623033
dyad_008,20260510_122925_order4,4,competitive,55,12.669108,14.603242
dyad_008,20260510_122925_order4,4,competitive,56,7.9873877,17.620163
dyad_008,20260510_122925_order4,4,competitive,57,6.627879,15.855469
dyad_008,20260510_122925_order4,4,competitive,58,8.732674,16.647152
dyad_008,20260510_122925_order4,4,competitive,59,8.767062,15.113679
dyad_008,20260510_122925_order4,4,competitive,60,11.881188,13.165484
dyad_008,20260510_122925_order4,4,competitive,61,10.88977,16.007719
dyad_008,20260510_122925_order4,4,competitive,62,8.537196,19.18862
dyad_008,20260510_122925_order4,4,competitive,63,8.471691,18.21382
dyad_008,20260510_122925_order4,4,competitive,64,4.6858273,19.248495
dyad_008,20260510_122925_order4,4,competitive,65,-2.3920937,17.948326
dyad_008,20260510_122925_order4,4,competitive,66,-4.030864,17.220413
dyad_009,20260510_140907_order1,1,baseline,0,-33.963856,11.072844
dyad_009,20260510_140907_order1,1,baseline,1,-43.095726,0.18189299
dyad_009,20260510_140907_order1,1,baseline,2,-42.083794,5.834996
dyad_009,20260510_140907_order1,1,baseline,3,-41.480877,6.917595
dyad_009,20260510_140907_order1,1,baseline,4,-42.792717,-1.3684597
dyad_009,20260510_140907_order1,1,baseline,5,-46.41468,5.0233874
dyad_009,20260510_140907_order1,1,baseline,6,-45.68392,8.057024
dyad_009,20260510_140907_order1,1,baseline,7,-42.84722,0.77696675
dyad_009,20260510_140907_order1,1,baseline,8,-38.778336,0.17213413
dyad_009,20260510_140907_order1,1,baseline,9,-37.36575,2.1920905
dyad_009,20260510_140907_order1,1,baseline,10,-33.739624,14.200415
dyad_009,20260510_140907_order1,1,baseline,11,-45.20971,-1.220691
dyad_009,20260510_140907_order1,1,baseline,12,-44.539402,0.11488834
dyad_009,20260510_140907_order1,1,baseline,13,-39.5134,3.7169137
dyad_009,20260510_140907_order1,1,baseline,14,-39.788723,4.115417
dyad_009,20260510_140907_order1,1,baseline,15,-34.34848,6.2756615
dyad_009,20260510_140907_order1,1,baseline,16,-33.55397,13.012531
dyad_009,20260510_140907_order1,1,baseline,17,-34.118717,17.581133
dyad_009,20260510_140907_order1,1,baseline,18,-31.815485,10.467658
dyad_009,20260510_140907_order1,1,baseline,19,-30.84291,14.996853
dyad_009,20260510_140907_order1,1,baseline,20,-32.54743,15.30539
dyad_009,20260510_140907_order1,1,baseline,21,14.552889,17.155937
dyad_009,20260510_140907_order1,1,baseline,22,-27.162199,16.104397
dyad_009,20260510_140907_order1,1,baseline,23,-26.536142,13.082596
dyad_009,20260510_140907_order1,1,baseline,24,-31.787271,8.748013
dyad_009,20260510_140907_order1,1,baseline,25,13.875943,-6.2345247
dyad_009,20260510_140907_order1,1,baseline,26,-29.886211,7.4133515
dyad_009,20260510_140907_order1,1,baseline,27,-44.53741,-0.42166537
dyad_009,20260510_140907_order1,1,baseline,28,-32.770718,14.7880945
dyad_009,20260510_140907_order1,1,baseline,29,-27.002111,15.682845
dyad_009,20260510_140907_order1,1,baseline,30,6.7765913,10.27402
dyad_009,20260510_140907_order1,1,baseline,31,-32.6668,9.861259
dyad_009,20260510_140907_order1,1,baseline,32,-40.526253,9.193331
dyad_009,20260510_140907_order1,1,baseline,33,-33.539516,14.025317
dyad_009,20260510_140907_order1,1,baseline,34,-36.500237,12.796232
dyad_009,20260510_140907_order1,1,baseline,35,-34.544807,11.059891
dyad_009,20260510_140907_order1,1,baseline,36,-29.31405,16.391193
dyad_009,20260510_140907_order1,1,baseline,37,-31.561798,17.49675
dyad_009,20260510_140907_order1,1,baseline,38,-45.76782,0.16208196
dyad_009,20260510_140907_order1,1,baseline,39,-33.408432,-2.05356
dyad_009,20260510_140907_order1,1,baseline,40,-39.314598,1.3323758
dyad_009,20260510_140907_order1,1,baseline,41,-37.9837,1.2563412
dyad_009,20260510_140907_order1,1,baseline,42,-45.14166,-0.37340015
dyad_009,20260510_140907_order1,1,baseline,43,-37.870716,0.31145814
dyad_009,20260510_140907_order1,1,baseline,44,-36.237843,8.0037565
dyad_009,20260510_140907_order1,1,baseline,45,-47.59761,1.4035151
dyad_009,20260510_140907_order1,1,baseline,46,-38.22501,10.835274
dyad_009,20260510_140907_order1,1,baseline,47,-32.760933,10.13927
dyad_009,20260510_140907_order1,1,baseline,48,-40.28062,8.569179
dyad_009,20260510_140907_order1,1,baseline,49,-36.319996,10.029895
dyad_009,20260510_140907_order1,1,baseline,50,25.389013,18.702974
dyad_009,20260510_140907_order1,1,baseline,51,-22.275728,17.762777
dyad_009,20260510_140907_order1,1,baseline,52,-35.679993,13.070161
dyad_009,20260510_140907_order1,1,baseline,53,-36.319386,15.145207
dyad_009,20260510_140907_order1,1,baseline,54,-37.381138,10.940717
dyad_009,20260510_140907_order1,1,baseline,55,-36.877773,13.034987
dyad_009,20260510_140907_order1,1,baseline,56,17.748838,20.016977
dyad_009,20260510_140907_order1,1,baseline,57,22.456404,-0.4651735
dyad_009,20260510_140907_order1,1,baseline,58,16.987795,3.5751452
dyad_009,20260510_140907_order1,1,baseline,59,-32.964516,1.2717375
dyad_009,20260510_140907_order1,1,baseline,60,-45.751255,-0.6695683
dyad_009,20260510_140907_order1,1,baseline,61,-26.35516,15.08403
dyad_009,20260510_140907_order1,1,baseline,62,-26.460096,14.000623
dyad_009,20260510_140907_order1,1,baseline,63,24.120941,-2.345722
dyad_009,20260510_140907_order1,1,baseline,64,-4.9400973,-14.244223
dyad_009,20260510_140907_order1,1,baseline,65,-1.22695,-13.01052
dyad_009,20260510_140907_order1,1,baseline,66,-4.22972,-14.588822
dyad_009,20260510_140907_order1,1,baseline,67,-3.1226842,-14.566584
dyad_009,20260510_140907_order1,1,baseline,68,1.3345453,-11.399283
dyad_009,20260510_140907_order1,1,baseline,69,1.9564825,-11.119737
dyad_009,20260510_140907_order1,1,baseline,70,21.764942,21.7959
dyad_009,20260510_140907_order1,1,baseline,71,-7.0035787,-17.06121
dyad_009,20260510_140907_order1,1,baseline,72,-5.4091983,-15.456028
dyad_009,20260510_140907_order1,1,baseline,73,-6.964719,-13.779338
dyad_009,20260510_140907_order1,1,baseline,74,17.303225,12.748387
dyad_009,20260510_140907_order1,1,baseline,75,-18.828297,9.784799
dyad_009,20260510_140907_order1,1,baseline,76,-6.759238,-18.547937
dyad_009,20260510_140907_order1,1,baseline,77,-27.688139,7.773265
dyad_009,20260510_140907_order1,1,baseline,78,-27.783232,6.5067496
dyad_009,20260510_140907_order1,1,baseline,79,-27.810925,6.0357175
dyad_009,20260510_140907_order1,1,baseline,80,-31.465174,13.122669
dyad_009,20260510_140907_order1,1,baseline,81,-31.180582,14.124314
dyad_009,20260510_140907_order1,1,baseline,82,-31.608078,11.779328
dyad_009,20260510_140907_order1,1,baseline,83,-40.798946,-0.7294698
dyad_009,20260510_140907_order1,1,baseline,84,-34.400345,0.965458
dyad_009,20260510_140907_order1,1,baseline,85,-34.69993,0.7352025
dyad_009,20260510_140907_order1,1,baseline,86,-41.57492,7.247361
dyad_009,20260510_140907_order1,1,baseline,87,-32.93067,11.840028
dyad_009,20260510_140907_order1,1,baseline,88,-38.419785,6.9208364
dyad_009,20260510_140907_order1,1,baseline,89,-39.44903,1.0118793
dyad_009,20260510_140907_order1,1,baseline,90,-39.02465,1.1559848
dyad_009,20260510_140907_order1,1,baseline,91,-30.01039,8.959235
dyad_009,20260510_140907_order1,1,baseline,92,-25.877247,11.850719
dyad_009,20260510_140907_order1,1,baseline,93,-27.39991,18.415024
dyad_009,20260510_140907_order1,1,baseline,94,-31.9242,16.178383
dyad_009,20260510_140907_order1,1,baseline,95,-36.313187,15.185621
dyad_009,20260510_140907_order1,1,baseline,96,-43.653618,5.6717386
dyad_009,20260510_140907_order1,1,baseline,97,-40.500782,-1.4578651
dyad_009,20260510_140907_order1,1,baseline,98,-43.727547,-1.1854622
dyad_009,20260510_140907_order1,1,baseline,99,-39.74896,-0.6721546
dyad_009,20260510_140907_order1,1,baseline,100,-36.615,3.9148412
dyad_009,20260510_140907_order1,1,baseline,101,9.312795,12.380418
dyad_009,20260510_140907_order1,1,baseline,102,-31.933458,9.211628
dyad_009,20260510_140907_order1,1,baseline,103,-28.130919,10.377836
dyad_009,20260510_140907_order1,1,baseline,104,-35.443142,2.5475636
dyad_009,20260510_140907_order1,1,baseline,105,23.10543,-2.9218833
dyad_009,20260510_140907_order1,1,baseline,106,11.590627,-6.4031777
dyad_009,20260510_140907_order1,1,baseline,107,-6.9641504,-19.802763
dyad_009,20260510_141947_order2,2,competitive,0,25.021782,-3.181604
dyad_009,20260510_141947_order2,2,competitive,1,-32.15786,13.171241
dyad_009,20260510_141947_order2,2,competitive,2,-26.046783,17.755096
dyad_009,20260510_141947_order2,2,competitive,3,-27.57489,18.287077
dyad_009,20260510_141947_order2,2,competitive,4,23.951996,-3.9553065
dyad_009,20260510_141947_order2,2,competitive,5,-30.225866,16.814753
dyad_009,20260510_141947_order2,2,competitive,6,-30.329838,13.810522
dyad_009,20260510_141947_order2,2,competitive,7,-27.93638,12.044105
dyad_009,20260510_141947_order2,2,competitive,8,-38.8018,2.499282
dyad_009,20260510_141947_order2,2,competitive,9,10.013663,9.485734
dyad_009,20260510_141947_order2,2,competitive,10,27.515905,2.1362133
dyad_009,20260510_141947_order2,2,competitive,11,-30.064354,10.60708
dyad_009,20260510_141947_order2,2,competitive,12,-30.342775,11.010953
dyad_009,20260510_141947_order2,2,competitive,13,-45.4149,1.6863652
dyad_009,20260510_141947_order2,2,competitive,14,22.748125,-4.0756435
dyad_009,20260510_141947_order2,2,competitive,15,-31.038439,8.378499
dyad_009,20260510_141947_order2,2,competitive,16,-34.24585,8.310037
dyad_009,20260510_141947_order2,2,competitive,17,-32.834133,8.022877
dyad_009,20260510_141947_order2,2,competitive,18,-32.467392,7.359419
dyad_009,20260510_141947_order2,2,competitive,19,22.609835,-3.4392352
dyad_009,20260510_141947_order2,2,competitive,20,11.639195,-6.4040375
dyad_009,20260510_141947_order2,2,competitive,21,-6.8058453,-21.027424
dyad_009,20260510_142206_order3,3,competitive,0,-41.535038,0.46321386
dyad_009,20260510_142206_order3,3,competitive,1,-35.328465,8.0529375
dyad_009,20260510_142206_order3,3,competitive,2,-41.217083,2.3678298
dyad_009,20260510_142206_order3,3,competitive,3,-32.757774,-1.4324824
dyad_009,20260510_142206_order3,3,competitive,4,-32.214836,5.2589827
dyad_009,20260510_142206_order3,3,competitive,5,-27.433615,12.300956
dyad_009,20260510_142206_order3,3,competitive,6,-28.91952,14.599178
dyad_009,20260510_142206_order3,3,competitive,7,-29.309515,12.298208
dyad_009,20260510_142206_order3,3,competitive,8,-33.509846,6.5341845
dyad_009,20260510_142206_order3,3,competitive,9,-31.05932,6.4325447
dyad_009,20260510_142206_order3,3,competitive,10,-34.38451,4.573968
dyad_009,20260510_142206_order3,3,competitive,11,-34.828312,3.6894836
dyad_009,20260510_142206_order3,3,competitive,12,13.540458,-6.485883
dyad_009,20260510_142206_order3,3,competitive,13,-12.626189,-17.000359
dyad_009,20260510_142353_order4,4,competitive,0,-41.735508,0.48052454
dyad_009,20260510_142353_order4,4,competitive,1,-36.72477,8.761921
dyad_009,20260510_142353_order4,4,competitive,2,-29.048777,13.982957
dyad_009,20260510_142353_order4,4,competitive,3,-46.280006,4.865707
dyad_009,20260510_142353_order4,4,competitive,4,-35.35997,0.472549
dyad_009,20260510_142353_order4,4,competitive,5,-25.91694,9.584758
dyad_009,20260510_142353_order4,4,competitive,6,21.786573,-3.5457268
dyad_009,20260510_142353_order4,4,competitive,7,-31.002962,6.466127
dyad_009,20260510_142353_order4,4,competitive,8,-33.781216,5.8114285
dyad_009,20260510_142353_order4,4,competitive,9,-46.69148,7.0458784
dyad_009,20260510_142353_order4,4,competitive,10,-29.10443,8.241102
dyad_009,20260510_142353_order4,4,competitive,11,-28.19235,6.0785623
dyad_009,20260510_142353_order4,4,competitive,12,-7.631434,-20.066347
dyad_010,20260510_144735_order1,1,baseline,0,1.1708492,34.740948
dyad_010,20260510_144735_order1,1,baseline,1,2.422938,34.788857
dyad_010,20260510_144735_order1,1,baseline,2,1.9362067,34.222088
dyad_010,20260510_144735_order1,1,baseline,3,-10.644937,33.42173
dyad_010,20260510_144735_order1,1,baseline,4,-9.923381,33.857548
dyad_010,20260510_144735_order1,1,baseline,5,-8.778268,33.19052
dyad_010,20260510_144735_order1,1,baseline,6,-1.8990486,33.581367
dyad_010,20260510_144735_order1,1,baseline,7,-0.8082861,37.56717
dyad_010,20260510_144735_order1,1,baseline,8,-3.3291333,37.573227
dyad_010,20260510_144735_order1,1,baseline,9,-3.3172336,36.16809
dyad_010,20260510_144735_order1,1,baseline,10,-1.6565167,39.406425
dyad_010,20260510_144735_order1,1,baseline,11,-1.6971714,39.668343
dyad_010,20260510_144735_order1,1,baseline,12,-2.8301895,42.336708
dyad_010,20260510_144735_order1,1,baseline,13,-2.9698665,39.78281
dyad_010,20260510_144735_order1,1,baseline,14,0.7814674,26.82963
dyad_010,20260510_145002_order2,2,competitive,0,-1.3168395,32.714325
dyad_010,20260510_145002_order2,2,competitive,1,-10.694808,35.462128
dyad_010,20260510_145002_order2,2,competitive,2,-1.8624017,32.702873
dyad_010,20260510_145002_order2,2,competitive,3,3.0636227,37.97897
dyad_010,20260510_145002_order2,2,competitive,4,-1.9891229,32.081203
dyad_010,20260510_145002_order2,2,competitive,5,-1.883341,29.883516
dyad_010,20260510_145002_order2,2,competitive,6,-1.6467202,29.116262
dyad_010,20260510_145002_order2,2,competitive,7,1.010084,30.228115
dyad_010,20260510_145002_order2,2,competitive,8,0.97152114,31.857769
dyad_010,20260510_145002_order2,2,competitive,9,-1.2198012,27.920904
dyad_010,20260510_145002_order2,2,competitive,10,-1.5892273,26.883747
dyad_010,20260510_145002_order2,2,competitive,11,0.9175459,13.617407
dyad_010,20260510_145002_order2,2,competitive,12,-2.7535923,42.77445
dyad_010,20260510_145002_order2,2,competitive,13,-2.5513623,41.867733
dyad_010,20260510_145002_order2,2,competitive,14,-3.8606093,40.139748
dyad_010,20260510_145002_order2,2,competitive,15,-4.265237,41.32907
dyad_010,20260510_145002_order2,2,competitive,16,-0.28587627,11.584499
dyad_010,20260510_145207_order3,3,competitive,0,0.06395399,33.116333
dyad_010,20260510_145207_order3,3,competitive,1,-3.8805192,32.12226
dyad_010,20260510_145207_order3,3,competitive,2,-6.7259407,32.377003
dyad_010,20260510_145207_order3,3,competitive,3,-3.1666903,35.467194
dyad_010,20260510_145207_order3,3,competitive,4,2.5930865,33.756462
dyad_010,20260510_145207_order3,3,competitive,5,1.1022563,32.435978
dyad_010,20260510_145207_order3,3,competitive,6,-2.903538,29.982967
dyad_010,20260510_145207_order3,3,competitive,7,1.9772052,29.149523
dyad_010,20260510_145207_order3,3,competitive,8,2.201253,30.884087
dyad_010,20260510_145207_order3,3,competitive,9,3.1133766,33.149548
dyad_010,20260510_145207_order3,3,competitive,10,-8.470522,33.435917
dyad_010,20260510_145207_order3,3,competitive,11,5.27602,29.924109
dyad_010,20260510_145207_order3,3,competitive,12,-7.663735,34.946648
dyad_010,20260510_145207_order3,3,competitive,13,1.8818266,32.034573
dyad_010,20260510_145207_order3,3,competitive,14,-1.2622035,36.409782
dyad_010,20260510_145207_order3,3,competitive,15,-1.2440224,37.987373
dyad_010,20260510_145207_order3,3,competitive,16,-3.8961802,38.036602
dyad_010,20260510_145207_order3,3,competitive,17,-1.833655,37.635033
dyad_010,20260510_145409_order4,4,competitive,0,-4.952113,33.44467
dyad_010,20260510_145409_order4,4,competitive,1,-0.18275017,34.660336
dyad_010,20260510_145409_order4,4,competitive,2,-6.3831453,32.906857
dyad_010,20260510_145409_order4,4,competitive,3,-6.134412,32.030567
dyad_010,20260510_145409_order4,4,competitive,4,3.0404232,39.422207
dyad_010,20260510_145409_order4,4,competitive,5,3.7759204,39.074997
dyad_010,20260510_145409_order4,4,competitive,6,3.072798,37.934155
dyad_010,20260510_145409_order4,4,competitive,7,-0.20768702,28.933111
dyad_010,20260510_145409_order4,4,competitive,8,-0.7587426,27.580906
dyad_010,20260510_145409_order4,4,competitive,9,1.3204999,24.849512
dyad_010,20260510_145409_order4,4,competitive,10,3.7440722,37.108456
dyad_010,20260510_145409_order4,4,competitive,11,7.7821226,28.742256
dyad_010,20260510_145409_order4,4,competitive,12,7.975347,28.113417
dyad_010,20260510_145409_order4,4,competitive,13,1.6210704,27.6857
dyad_010,20260510_145409_order4,4,competitive,14,-0.26212364,31.129505
dyad_010,20260510_145409_order4,4,competitive,15,-1.0815178,36.283115
dyad_010,20260510_145409_order4,4,competitive,16,-5.3602223,35.692547
dyad_010,20260510_145409_order4,4,competitive,17,1.30675,26.049582
dyad_010,20260510_145409_order4,4,competitive,18,2.7979536,27.31789
dyad_010,20260510_145409_order4,4,competitive,19,-2.5566938,36.604
dyad_010,20260510_145409_order4,4,competitive,20,-5.4354453,35.872486
dyad_010,20260510_145409_order4,4,competitive,21,-0.6264125,25.241268
dyad_010,20260510_145409_order4,4,competitive,22,4.1502123,30.453854
dyad_010,20260510_145409_order4,4,competitive,23,4.7705107,34.69026
dyad_010,20260510_145409_order4,4,competitive,24,4.886845,34.664967
dyad_010,20260510_145409_order4,4,competitive,25,2.3723743,29.286524
dyad_010,20260510_145409_order4,4,competitive,26,7.6886725,28.76645
dyad_010,20260510_145409_order4,4,competitive,27,4.6878085,28.512102
dyad_010,20260510_145409_order4,4,competitive,28,8.169379,28.241087
dyad_010,20260510_145409_order4,4,competitive,29,2.6107643,27.43421
dyad_010,20260510_145409_order4,4,competitive,30,1.0065967,27.571566
dyad_010,20260510_145409_order4,4,competitive,31,2.192209,26.474241
dyad_010,20260510_145409_order4,4,competitive,32,4.2117043,34.134007
dyad_010,20260510_145409_order4,4,competitive,33,-2.4715052,39.47155
dyad_010,20260510_145409_order4,4,competitive,34,-3.1773646,32.94977
dyad_011,20260510_154339_order1,1,baseline,0,5.7416077,7.5518637
dyad_011,20260510_154339_order1,1,baseline,1,-48.107708,-3.3067245
dyad_011,20260510_154339_order1,1,baseline,2,-48.63984,-3.1577442
dyad_011,20260510_154339_order1,1,baseline,3,-8.288953,16.42785
dyad_011,20260510_154339_order1,1,baseline,4,-11.080403,14.486595
dyad_011,20260510_154339_order1,1,baseline,5,-10.531644,14.445849
dyad_011,20260510_154339_order1,1,baseline,6,-7.0652704,16.20535
dyad_011,20260510_154339_order1,1,baseline,7,-47.67222,-1.8899971
dyad_011,20260510_154339_order1,1,baseline,8,-9.709142,15.81741
dyad_011,20260510_154339_order1,1,baseline,9,-8.630252,15.385426
dyad_011,20260510_154339_order1,1,baseline,10,-11.373468,11.588354
dyad_011,20260510_154339_order1,1,baseline,11,-8.065189,14.804431
dyad_011,20260510_154339_order1,1,baseline,12,-9.54215,18.083563
dyad_011,20260510_154339_order1,1,baseline,13,-48.7628,-1.5381364
dyad_011,20260510_154339_order1,1,baseline,14,-6.841901,17.013718
dyad_011,20260510_154339_order1,1,baseline,15,-3.950151,14.076794
dyad_011,20260510_154339_order1,1,baseline,16,-3.5155852,13.8111515
dyad_011,20260510_154339_order1,1,baseline,17,-8.258172,12.521053
dyad_011,20260510_154339_order1,1,baseline,18,-14.47268,20.439922
dyad_011,20260510_154339_order1,1,baseline,19,-14.301307,20.525524
dyad_011,20260510_154339_order1,1,baseline,20,-6.591536,15.356345
dyad_011,20260510_154339_order1,1,baseline,21,3.7382128,7.506473
dyad_011,20260510_154339_order1,1,baseline,22,4.8574224,6.082078
dyad_011,20260510_154339_order1,1,baseline,23,25.819965,6.372805
dyad_011,20260510_154339_order1,1,baseline,24,25.28504,6.4267364
dyad_011,20260510_154339_order1,1,baseline,25,6.2061586,5.8304095
dyad_011,20260510_154339_order1,1,baseline,26,1.025728,3.642056
dyad_011,20260510_154339_order1,1,baseline,27,1.3552345,3.4831173
dyad_011,20260510_154339_order1,1,baseline,28,2.2129261,3.087947
dyad_011,20260510_154339_order1,1,baseline,29,0.08211892,6.8168883
dyad_011,20260510_154339_order1,1,baseline,30,-9.559073,12.73582
dyad_011,20260510_154339_order1,1,baseline,31,-13.911073,-12.648414
dyad_011,20260510_154339_order1,1,baseline,32,21.34131,14.581641
dyad_011,20260510_154339_order1,1,baseline,33,6.2807164,-4.810686
dyad_011,20260510_154339_order1,1,baseline,34,12.012714,0.903558
dyad_011,20260510_154339_order1,1,baseline,35,-8.3820095,15.28245
dyad_011,20260510_154339_order1,1,baseline,36,5.27506,11.925862
dyad_011,20260510_154339_order1,1,baseline,37,0.08738934,7.960886
dyad_011,20260510_154923_order2,2,competitive,0,11.336058,0.83443767
dyad_011,20260510_154923_order2,2,competitive,1,12.396486,1.269725
dyad_011,20260510_154923_order2,2,competitive,2,-3.4848754,7.417722
dyad_011,20260510_154923_order2,2,competitive,3,0.3523506,7.3080163
dyad_011,20260510_154923_order2,2,competitive,4,1.5464262,7.0142574
dyad_011,20260510_154923_order2,2,competitive,5,2.3358872,5.5738325
dyad_011,20260510_154923_order2,2,competitive,6,3.2365448,4.7624936
dyad_011,20260510_154923_order2,2,competitive,7,-15.372687,-14.560916
dyad_011,20260510_154923_order2,2,competitive,8,11.317648,-0.11698237
dyad_011,20260510_154923_order2,2,competitive,9,9.689112,-10.09563
dyad_011,20260510_154923_order2,2,competitive,10,-5.4284863,-20.236963
dyad_011,20260510_154923_order2,2,competitive,11,2.1994333,6.980705
dyad_011,20260510_154923_order2,2,competitive,12,11.021263,-9.812487
dyad_011,20260510_154923_order2,2,competitive,13,10.668308,-2.6028588
dyad_011,20260510_154923_order2,2,competitive,14,1.8574587,5.748785
dyad_011,20260510_154923_order2,2,competitive,15,-0.045784898,6.2648344
dyad_011,20260510_154923_order2,2,competitive,16,3.0582397,4.697605
dyad_011,20260510_154923_order2,2,competitive,17,4.770524,5.6551785
dyad_011,20260510_154923_order2,2,competitive,18,11.310419,-10.043704
dyad_011,20260510_154923_order2,2,competitive,19,25.123423,3.3456337
dyad_011,20260510_155222_order3,3,competitive,0,-4.728611,-19.44352
dyad_011,20260510_155222_order3,3,competitive,1,24.822887,7.299681
dyad_011,20260510_155222_order3,3,competitive,2,25.432459,5.059757
dyad_011,20260510_155222_order3,3,competitive,3,25.535301,8.811821
dyad_011,20260510_155222_order3,3,competitive,4,-4.779878,16.230358
dyad_011,20260510_155222_order3,3,competitive,5,-2.9771967,13.562819
dyad_011,20260510_155222_order3,3,competitive,6,-12.305909,31.304342
dyad_011,20260510_155222_order3,3,competitive,7,16.450474,-2.148472
dyad_011,20260510_155222_order3,3,competitive,8,20.340061,4.5671334
dyad_011,20260510_155222_order3,3,competitive,9,20.527218,3.8894768
dyad_011,20260510_155222_order3,3,competitive,10,17.908136,-1.4784061
dyad_011,20260510_155222_order3,3,competitive,11,24.628176,7.707574
dyad_011,20260510_155222_order3,3,competitive,12,23.366676,5.5234113
dyad_011,20260510_155222_order3,3,competitive,13,17.939117,-0.73537016
dyad_011,20260510_155222_order3,3,competitive,14,-8.581056,13.040867
dyad_011,20260510_155222_order3,3,competitive,15,23.228006,5.522956
dyad_011,20260510_155222_order3,3,competitive,16,16.488762,-3.0117629
dyad_011,20260510_155222_order3,3,competitive,17,16.40344,-3.3186827
dyad_011,20260510_155222_order3,3,competitive,18,10.519531,-2.8629713
dyad_011,20260510_155222_order3,3,competitive,19,3.6488605,3.99596
dyad_011,20260510_155222_order3,3,competitive,20,27.805487,5.0943556
dyad_011,20260510_155222_order3,3,competitive,21,27.524574,4.9904995
dyad_011,20260510_155222_order3,3,competitive,22,-1.9180119,1.2997016
dyad_011,20260510_155222_order3,3,competitive,23,-4.9065657,-20.852703
dyad_011,20260510_155501_order4,4,competitive,0,-6.176924,15.055812
dyad_011,20260510_155501_order4,4,competitive,1,14.24993,-37.101288
dyad_011,20260510_155501_order4,4,competitive,2,22.744741,4.0954804
dyad_011,20260510_155501_order4,4,competitive,3,16.279154,-36.83373
dyad_011,20260510_155501_order4,4,competitive,4,15.868406,-37.242302
dyad_011,20260510_155501_order4,4,competitive,5,-5.3813004,11.15323
dyad_011,20260510_155501_order4,4,competitive,6,-5.2826986,10.825654
dyad_011,20260510_155501_order4,4,competitive,7,-10.508604,16.636108
dyad_011,20260510_155501_order4,4,competitive,8,-5.5873823,11.620351
dyad_011,20260510_155501_order4,4,competitive,9,11.079082,-16.158379
dyad_011,20260510_155501_order4,4,competitive,10,15.203411,-37.374462
dyad_011,20260510_155501_order4,4,competitive,11,15.886568,-38.309998
dyad_011,20260510_155501_order4,4,competitive,12,16.121761,-38.230854
dyad_011,20260510_155501_order4,4,competitive,13,14.729009,-36.31168
