session_a,session_b,cosine_similarity
20260504_183351_order1,20260504_183529_order2,0.9959393437385861
20260504_183351_order1,20260504_184034_order3,0.9975793460515293
20260504_183351_order1,20260504_184304_order4,0.9941700048075246
20260504_183351_order1,20260505_190850_order1,0.9237461037349788
20260504_183351_order1,20260505_191548_order2,0.9936067603571809
20260504_183351_order1,20260505_191759_order3,0.9948440896205119
20260504_183351_order1,20260505_192656_order4,0.9014705186964885
20260504_183351_order1,20260507_134304_order1,0.40850232012091314
20260504_183351_order1,20260507_135022_order2,0.5206397896189554
20260504_183351_order1,20260507_135244_order3,0.670815733751024
20260504_183351_order1,20260507_135359_order4,0.6410418675003287
20260504_183351_order1,20260507_141202_order1,0.36893393209409714
20260504_183351_order1,20260507_142235_order2,0.4816982843962956
20260504_183351_order1,20260507_143033_order3,0.6249165601996566
20260504_183351_order1,20260507_143442_order4,0.6463378500106433
20260504_183351_order1,20260507_151153_order1,0.8540683869237361
20260504_183351_order1,20260507_151733_order2,0.9877733225879806
20260504_183351_order1,20260507_152058_order3,0.9610840024836665
20260504_183351_order1,20260507_152317_order4,0.9275147820212262
20260504_183351_order1,20260507_154437_order1,0.9979869520005731
20260504_183351_order1,20260507_154803_order2,0.9998711968746673
20260504_183351_order1,20260507_155406_order3,0.99998288161398
20260504_183351_order1,20260507_155542_order4,0.9999999986538939
20260504_183351_order1,20260510_112436_order1,0.9924808929821146
20260504_183351_order1,20260510_112937_order2,0.9967006156287672
20260504_183351_order1,20260510_113403_order3,0.999274032114585
20260504_183351_order1,20260510_113658_order4,0.9986710817178014
20260504_183351_order1,20260510_121708_order1,0.5120293178047376
20260504_183351_order1,20260510_122126_order2,0.9573604332909825
20260504_183351_order1,20260510_122534_order3,0.8342622320009594
20260504_183351_order1,20260510_122925_order4,0.9756651393262598
20260504_183351_order1,20260510_140907_order1,0.6506445589068905
20260504_183351_order1,20260510_141947_order2,0.8597124649819233
20260504_183351_order1,20260510_142206_order3,0.5373703601706458
20260504_183351_order1,20260510_142353_order4,0.5755986252290093
20260504_183351_order1,20260510_144735_order1,0.7064790779918104
20260504_183351_order1,20260510_145002_order2,0.8760439087143971
20260504_183351_order1,20260510_145207_order3,0.838792786106209
20260504_183351_order1,20260510_145409_order4,0.9600783609926893
20260504_183351_order1,20260510_154339_order1,0.8843935009521989
20260504_183351_order1,20260510_154923_order2,0.9965487224225529
20260504_183351_order1,20260510_155222_order3,0.994450412718614
20260504_183351_order1,20260510_155501_order4,0.8982690343370319
20260504_183529_order2,20260504_184034_order3,0.9997887460392718
20260504_183529_order2,20260504_184304_order4,0.9998400643547555
20260504_183529_order2,20260505_190850_order1,0.8855143471806093
20260504_183529_order2,20260505_191548_order2,0.9794083645323828
20260504_183529_order2,20260505_191759_order3,0.9816742021067253
20260504_183529_order2,20260505_192656_order4,0.8588427213467977
20260504_183529_order2,20260507_134304_order1,0.32467093442474393
20260504_183529_order2,20260507_135022_order2,0.441662907594043
20260504_183529_order2,20260507_135244_order3,0.6013257564086781
20260504_183529_order2,20260507_135359_order4,0.5693427321027764
20260504_183529_order2,20260507_141202_order1,0.28375992208842066
20260504_183529_order2,20260507_142235_order2,0.400848464236273
20260504_183529_order2,20260507_143033_order3,0.5520958437250124
20260504_183529_order2,20260507_143442_order4,0.5750182380473302
20260504_183529_order2,20260507_151153_order1,0.803771914191997
20260504_183529_order2,20260507_151733_order2,0.9697274152352834
20260504_183529_order2,20260507_152058_order3,0.9323109079049701
20260504_183529_order2,20260507_152317_order4,0.890097672206513
20260504_183529_order2,20260507_154437_order1,0.9882250124354791
20260504_183529_order2,20260507_154803_order2,0.9972559513204018
20260504_183529_order2,20260507_155406_order3,0.9953955527868692
20260504_183529_order2,20260507_155542_order4,0.9959393437385861
20260504_183529_order2,20260510_112436_order1,0.9994700170163491
20260504_183529_order2,20260510_112937_order2,0.9999604501979945
20260504_183529_order2,20260510_113403_order3,0.9917865458351857
20260504_183529_order2,20260510_113658_order4,0.9992555381024353
20260504_183529_order2,20260510_121708_order1,0.43262002298080837
20260504_183529_order2,20260510_122126_order2,0.9274645309382443
20260504_183529_order2,20260510_122534_order3,0.7812367073429338
20260504_183529_order2,20260510_122925_order4,0.9519634973829295
20260504_183529_order2,20260510_140907_order1,0.5796377621823103
20260504_183529_order2,20260510_141947_order2,0.8102377435204873
20260504_183529_order2,20260510_142206_order3,0.45926452689254277
20260504_183529_order2,20260510_142353_order4,0.4996435062541945
20260504_183529_order2,20260510_144735_order1,0.6398953039159765
20260504_183529_order2,20260510_145002_order2,0.8290728618675395
20260504_183529_order2,20260510_145207_order3,0.7863715869514811
20260504_183529_order2,20260510_145409_order4,0.9309965159687954
20260504_183529_order2,20260510_154339_order1,0.8387830012010974
20260504_183529_order2,20260510_154923_order2,0.9850289693102424
20260504_183529_order2,20260510_155222_order3,0.9998836808474854
20260504_183529_order2,20260510_155501_order4,0.85505957038697
20260504_184034_order3,20260504_184304_order4,0.9992612568133206
20260504_184034_order3,20260505_190850_order1,0.8948768475696717
20260504_184034_order3,20260505_191548_order2,0.9833510630887872
20260504_184034_order3,20260505_191759_order3,0.9853837057115157
20260504_184034_order3,20260505_192656_order4,0.8691897816851811
20260504_184034_order3,20260507_134304_order1,0.3440427374826281
20260504_184034_order3,20260507_135022_order2,0.46001013370645183
20260504_184034_order3,20260507_135244_order3,0.6176213353593953
20260504_184034_order3,20260507_135359_order4,0.5861197856481192
20260504_184034_order3,20260507_141202_order1,0.3034089720585451
20260504_184034_order3,20260507_142235_order2,0.41959408139339266
20260504_184034_order3,20260507_143033_order3,0.5691166176416864
20260504_184034_order3,20260507_143442_order4,0.5917127059597944
20260504_184034_order3,20260507_151153_order1,0.81583037492415
20260504_184034_order3,20260507_151733_order2,0.974541602404745
20260504_184034_order3,20260507_152058_order3,0.9395474163084278
20260504_184034_order3,20260507_152317_order4,0.8992774629214292
20260504_184034_order3,20260507_154437_order1,0.9911611427640609
20260504_184034_order3,20260507_154803_order2,0.9985668972594636
20260504_184034_order3,20260507_155406_order3,0.9971554098223607
20260504_184034_order3,20260507_155542_order4,0.9975793460515293
20260504_184034_order3,20260510_112436_order1,0.9985897913192893
20260504_184034_order3,20260510_112937_order2,0.9999320030070864
20260504_184034_order3,20260510_113403_order3,0.994205949228086
20260504_184034_order3,20260510_113658_order4,0.999837397147231
20260504_184034_order3,20260510_121708_order1,0.4510594993383939
20260504_184034_order3,20260510_122126_order2,0.9349539164131546
20260504_184034_order3,20260510_122534_order3,0.7939021017277904
20260504_184034_order3,20260510_122925_order4,0.9580562193381883
20260504_184034_order3,20260510_140907_order1,0.5962641185897803
20260504_184034_order3,20260510_141947_order2,0.8221132201053148
20260504_184034_order3,20260510_142206_order3,0.47742548515042976
20260504_184034_order3,20260510_142353_order4,0.5173423431674109
20260504_184034_order3,20260510_144735_order1,0.6555549819391898
20260504_184034_order3,20260510_145002_order2,0.8403902116650701
20260504_184034_order3,20260510_145207_order3,0.798902684547627
20260504_184034_order3,20260510_145409_order4,0.9383025737581322
20260504_184034_order3,20260510_154339_order1,0.8497966777037718
20260504_184034_order3,20260510_154923_order2,0.9883641351035669
20260504_184034_order3,20260510_155222_order3,0.9993589659552423
20260504_184034_order3,20260510_155501_order4,0.8655367219056809
20260504_184304_order4,20260505_190850_order1,0.8770635241311246
20260504_184304_order4,20260505_191548_order2,0.9756411031901819
20260504_184304_order4,20260505_191759_order3,0.9781090677414755
20260504_184304_order4,20260505_192656_order4,0.8495443886498418
20260504_184304_order4,20260507_134304_order1,0.30770368038560925
20260504_184304_order4,20260507_135022_order2,0.4255469350383158
20260504_184304_order4,20260507_135244_order3,0.5869400639877169
20260504_184304_order4,20260507_135359_order4,0.5545490966997888
20260504_184304_order4,20260507_141202_order1,0.2665654951168091
20260504_184304_order4,20260507_142235_order2,0.38439987652237567
20260504_184304_order4,20260507_143033_order3,0.5370960727541523
20260504_184304_order4,20260507_143442_order4,0.5602945104953156
20260504_184304_order4,20260507_151153_order1,0.7930034010202576
20260504_184304_order4,20260507_151733_order2,0.9652051885205162
20260504_184304_order4,20260507_152058_order3,0.925693850935436
20260504_184304_order4,20260507_152317_order4,0.881804251628276
20260504_184304_order4,20260507_154437_order1,0.9853305480362096
20260504_184304_order4,20260507_154803_order2,0.9957724758891444
20260504_184304_order4,20260507_155406_order3,0.993522113684439
20260504_184304_order4,20260507_155542_order4,0.9941700048075246
20260504_184304_order4,20260510_112436_order1,0.9998923464484077
20260504_184304_order4,20260510_112937_order2,0.9996414678747451
20260504_184304_order4,20260510_113403_order3,0.9893404677580461
20260504_184304_order4,20260510_113658_order4,0.9984057629751311
20260504_184304_order4,20260510_121708_order1,0.416426890803914
20260504_184304_order4,20260510_122126_order2,0.9206291083879438
20260504_184304_order4,20260510_122534_order3,0.7699478400179336
20260504_184304_order4,20260510_122925_order4,0.9463349078171077
20260504_184304_order4,20260510_140907_order1,0.5649717113527373
20260504_184304_order4,20260510_141947_order2,0.7996262245351337
20260504_184304_order4,20260510_142206_order3,0.443304577810552
20260504_184304_order4,20260510_142353_order4,0.48407177455427636
20260504_184304_order4,20260510_144735_order1,0.6260496586623182
20260504_184304_order4,20260510_145002_order2,0.8189405014679021
20260504_184304_order4,20260510_145207_order3,0.7751978078425457
20260504_184304_order4,20260510_145409_order4,0.9243193950254481
20260504_184304_order4,20260510_154339_order1,0.8289115329043685
20260504_184304_order4,20260510_154923_order2,0.9817883977783649
20260504_184304_order4,20260510_155222_order3,0.9999965336696848
20260504_184304_order4,20260510_155501_order4,0.8456493441723353
20260505_190850_order1,20260505_191548_order2,0.961080314839169
20260505_190850_order1,20260505_191759_order3,0.9578262835853544
20260505_190850_order1,20260505_192656_order4,0.9985101282529769
20260505_190850_order1,20260507_134304_order1,0.726943390034261
20260505_190850_order1,20260507_135022_order2,0.8079399601692879
20260505_190850_order1,20260507_135244_order3,0.9037094380807559
20260505_190850_order1,20260507_135359_order4,0.8861188326070594
20260505_190850_order1,20260507_141202_order1,0.6967878004530517
20260505_190850_order1,20260507_142235_order2,0.7806087618695886
20260505_190850_order1,20260507_143033_order3,0.8762733126775821
20260505_190850_order1,20260507_143442_order4,0.8893048599928035
20260505_190850_order1,20260507_151153_order1,0.9881667126874036
20260505_190850_order1,20260507_151733_order2,0.9721611338079488
20260505_190850_order1,20260507_152058_order3,0.993605252952517
20260505_190850_order1,20260507_152317_order4,0.999950402347917
20260505_190850_order1,20260507_154437_order1,0.9461765941086443
20260505_190850_order1,20260507_154803_order2,0.9174800719560783
20260505_190850_order1,20260507_155406_order3,0.9259712425894908
20260505_190850_order1,20260507_155542_order4,0.9237461037349788
20260505_190850_order1,20260510_112436_order1,0.8699206323404419
20260505_190850_order1,20260510_112937_order2,0.8896113882762182
20260505_190850_order1,20260510_113403_order3,0.9376669750295906
20260505_190850_order1,20260510_113658_order4,0.9027795520962931
20260505_190850_order1,20260510_121708_order1,0.8019744553272418
20260505_190850_order1,20260510_122126_order2,0.9950067635409979
20260505_190850_order1,20260510_122534_order3,0.9818233553577904
20260505_190850_order1,20260510_122925_order4,0.9852468931649921
20260505_190850_order1,20260510_140907_order1,0.8918779398584886
20260505_190850_order1,20260510_141947_order2,0.9897868866546476
20260505_190850_order1,20260510_142206_order3,0.8193999855967251
20260505_190850_order1,20260510_142353_order4,0.8449028956838941
20260505_190850_order1,20260510_144735_order1,0.923673208532713
20260505_190850_order1,20260510_145002_order2,0.9939393541172433
20260505_190850_order1,20260510_145207_order3,0.9833591577590485
20260505_190850_order1,20260510_145409_order4,0.9940072007816179
20260505_190850_order1,20260510_154339_order1,0.9957197714998937
20260505_190850_order1,20260510_154923_order2,0.9523512345657098
20260505_190850_order1,20260510_155222_order3,0.8783250991525763
20260505_190850_order1,20260510_155501_order4,0.9980826896859254
20260505_191548_order2,20260505_191759_order3,0.9999333345507998
20260505_191548_order2,20260505_192656_order4,0.9445733484367307
20260505_191548_order2,20260507_134304_order1,0.5089377017834742
20260505_191548_order2,20260507_135022_order2,0.6136995235279016
20260505_191548_order2,20260507_135244_order3,0.7502537545633085
20260505_191548_order2,20260507_135359_order4,0.7235922078849883
20260505_191548_order2,20260507_141202_order1,0.47150746691489304
20260505_191548_order2,20260507_142235_order2,0.5775540017339835
20260505_191548_order2,20260507_143033_order3,0.7090586047348312
20260505_191548_order2,20260507_143442_order4,0.7283514293961155
20260505_191548_order2,20260507_151153_order1,0.9073324115810546
20260505_191548_order2,20260507_151733_order2,0.9990584611962371
20260505_191548_order2,20260507_152058_order3,0.9861279109652503
20260505_191548_order2,20260507_152317_order4,0.9637841154997867
20260505_191548_order2,20260507_154437_order1,0.998766425439562
20260505_191548_order2,20260507_154803_order2,0.9916668489275068
20260505_191548_order2,20260507_155406_order3,0.9942503056349111
20260505_191548_order2,20260507_155542_order4,0.9936067603571809
20260505_191548_order2,20260510_112436_order1,0.9723172430055115
20260505_191548_order2,20260510_112937_order2,0.9811651471162459
20260505_191548_order2,20260510_113403_order3,0.9971864866258751
20260505_191548_order2,20260510_113658_order4,0.9864679903082654
20260505_191548_order2,20260510_121708_order1,0.6057302059746353
20260505_191548_order2,20260510_122126_order2,0.9838551449717536
20260505_191548_order2,20260510_122534_order3,0.8911760561372398
20260505_191548_order2,20260510_122925_order4,0.9941818154198949
20260505_191548_order2,20260510_140907_order1,0.732216393708105
20260505_191548_order2,20260510_141947_order2,0.9118811629390583
20260505_191548_order2,20260510_142206_order3,0.6291456136771563
20260505_191548_order2,20260510_142353_order4,0.664237747086516
20260505_191548_order2,20260510_144735_order1,0.7818630193453219
20260505_191548_order2,20260510_145002_order2,0.9248853460048715
20260505_191548_order2,20260510_145207_order3,0.8948967316207888
20260505_191548_order2,20260510_145409_order4,0.9855210025075924
20260505_191548_order2,20260510_154339_order1,0.9314328705709886
20260505_191548_order2,20260510_154923_order2,0.9995490682546702
20260505_191548_order2,20260510_155222_order3,0.9762152344144612
20260505_191548_order2,20260510_155501_order4,0.942138062784355
20260505_191759_order3,20260505_192656_order4,0.9407196339395616
20260505_191759_order3,20260507_134304_order1,0.49896444411930757
20260505_191759_order3,20260507_135022_order2,0.6045421334373893
20260505_191759_order3,20260507_135244_order3,0.7425697223036521
20260505_191759_order3,20260507_135359_order4,0.7155742046738182
20260505_191759_order3,20260507_141202_order1,0.4612935484876057
20260505_191759_order3,20260507_142235_order2,0.5680894251471765
20260505_191759_order3,20260507_143033_order3,0.7008692744055538
20260505_191759_order3,20260507_143442_order4,0.7203911185166919
20260505_191759_order3,20260507_151153_order1,0.9024175843170738
20260505_191759_order3,20260507_151733_order2,0.9984909212867588
20260505_191759_order3,20260507_152058_order3,0.9841455886625045
20260505_191759_order3,20260507_152317_order4,0.9606405831746815
20260505_191759_order3,20260507_154437_order1,0.9992731895461403
20260505_191759_order3,20260507_154803_order2,0.9930882717775094
20260505_191759_order3,20260507_155406_order3,0.9954204430151299
20260505_191759_order3,20260507_155542_order4,0.9948440896205119
20260505_191759_order3,20260510_112436_order1,0.9749504509798885
20260505_191759_order3,20260510_112937_order2,0.9833301996196057
20260505_191759_order3,20260510_113403_order3,0.9979855496839709
20260505_191759_order3,20260510_113658_order4,0.988295335097682
20260505_191759_order3,20260510_121708_order1,0.5965025616463817
20260505_191759_order3,20260510_122126_order2,0.9817231059942098
20260505_191759_order3,20260510_122534_order3,0.8858784554752632
20260505_191759_order3,20260510_122925_order4,0.9928718004823318
20260505_191759_order3,20260510_140907_order1,0.7243035321622835
20260505_191759_order3,20260510_141947_order2,0.9070810321808545
20260505_191759_order3,20260510_142206_order3,0.6201286649657796
20260505_191759_order3,20260510_142353_order4,0.6555621552490714
20260505_191759_order3,20260510_144735_order1,0.7746121826485729
20260505_191759_order3,20260510_145002_order2,0.9204331497373173
20260505_191759_order3,20260510_145207_order3,0.8896841467745392
20260505_191759_order3,20260510_145409_order4,0.9834975430750013
20260505_191759_order3,20260510_154339_order1,0.927168827019547
20260505_191759_order3,20260510_154923_order2,0.9998291503953275
20260505_191759_order3,20260510_155222_order3,0.9786534953089912
20260505_191759_order3,20260510_155501_order4,0.9382045546639213
20260505_192656_order4,20260507_134304_order1,0.76333111911345
20260505_192656_order4,20260507_135022_order2,0.8388904449233279
20260505_192656_order4,20260507_135244_order3,0.9257255400362955
20260505_192656_order4,20260507_135359_order4,0.910087989542968
20260505_192656_order4,20260507_141202_order1,0.7348891021515302
20260505_192656_order4,20260507_142235_order2,0.8135510057813816
20260505_192656_order4,20260507_143033_order3,0.9012587778763836
20260505_192656_order4,20260507_143442_order4,0.9129340529523813
20260505_192656_order4,20260507_151153_order1,0.9950641057371762
20260505_192656_order4,20260507_151733_order2,0.9579270466053843
20260505_192656_order4,20260507_152058_order3,0.9859638063740656
20260505_192656_order4,20260507_152317_order4,0.9979171569261084
20260505_192656_order4,20260507_154437_order1,0.9271063715537317
20260505_192656_order4,20260507_154803_order2,0.8944075266415245
20260505_192656_order4,20260507_155406_order3,0.9039876222471542
20260505_192656_order4,20260507_155542_order4,0.9014705186964885
20260505_192656_order4,20260510_112436_order1,0.841712739988809
20260505_192656_order4,20260510_112937_order2,0.8633643946398686
20260505_192656_order4,20260510_113403_order3,0.9173061454857004
20260505_192656_order4,20260510_113658_order4,0.877965214821372
20260505_192656_order4,20260510_121708_order1,0.8333754639594048
20260505_192656_order4,20260510_122126_order2,0.9880781715405009
20260505_192656_order4,20260510_122534_order3,0.9907171530339979
20260505_192656_order4,20260510_122925_order4,0.9744405208457092
20260505_192656_order4,20260510_140907_order1,0.9152283560925076
20260505_192656_order4,20260510_141947_order2,0.9960909801753495
20260505_192656_order4,20260510_142206_order3,0.84945800332948
20260505_192656_order4,20260510_142353_order4,0.8728328799143295
20260505_192656_order4,20260510_144735_order1,0.9432059700635703
20260505_192656_order4,20260510_145002_order2,0.9984570143023086
20260505_192656_order4,20260510_145207_order3,0.9918073212207652
20260505_192656_order4,20260510_145409_order4,0.9865613274439524
20260505_192656_order4,20260510_154339_order1,0.9992795286415895
20260505_192656_order4,20260510_154923_order2,0.9342893352736932
20260505_192656_order4,20260510_155222_order3,0.8509301650678209
20260505_192656_order4,20260510_155501_order4,0.999973057362362
20260507_134304_order1,20260507_135022_order2,0.9919732225569067
20260507_134304_order1,20260507_135244_order3,0.9509525455427328
20260507_134304_order1,20260507_135359_order4,0.9624136974598257
20260507_134304_order1,20260507_141202_order1,0.9990777526059269
20260507_134304_order1,20260507_142235_order2,0.9966579600988046
20260507_134304_order1,20260507_143033_order3,0.9678617576199632
20260507_134304_order1,20260507_143442_order4,0.9605111976977676
20260507_134304_order1,20260507_151153_order1,0.8236694135039033
20260507_134304_order1,20260507_151733_order2,0.5458037743068024
20260507_134304_order1,20260507_152058_order3,0.6447599843106843
20260507_134304_order1,20260507_152317_order4,0.7200682638593868
20260507_134304_order1,20260507_154437_order1,0.46556665276211884
20260507_134304_order1,20260507_154803_order2,0.39380039072053324
20260507_134304_order1,20260507_155406_order3,0.41383583745962316
20260507_134304_order1,20260507_155542_order4,0.40850232012091314
20260507_134304_order1,20260510_112436_order1,0.2937095751560027
20260507_134304_order1,20260510_112937_order2,0.3330698779090559
20260507_134304_order1,20260510_113403_order3,0.4429793695765143
20260507_134304_order1,20260510_113658_order4,0.36091863307226657
20260507_134304_order1,20260510_121708_order1,0.9931944339239027
20260507_134304_order1,20260510_122126_order2,0.6547760422727509
20260507_134304_order1,20260510_122534_order3,0.8440630930618982
20260507_134304_order1,20260510_122925_order4,0.5986980160511224
20260507_134304_order1,20260510_140907_order1,0.9589216420833194
20260507_134304_order1,20260510_141947_order2,0.8174111515702638
20260507_134304_order1,20260510_142206_order3,0.9892875750573853
20260507_134304_order1,20260510_142353_order4,0.9815245434964777
20260507_134304_order1,20260510_144735_order1,0.9345876362013259
20260507_134304_order1,20260510_145002_order2,0.7980261377700675
20260507_134304_order1,20260510_145207_order3,0.8396002189720744
20260507_134304_order1,20260510_145409_order4,0.6475209172046248
20260507_134304_order1,20260510_154339_order1,0.7872989931466423
20260507_134304_order1,20260510_154923_order2,0.48286034264599936
20260507_134304_order1,20260510_155222_order3,0.310207447740005
20260507_134304_order1,20260510_155501_order4,0.7680524711132356
20260507_135022_order2,20260507_135244_order3,0.9824345132596592
20260507_135022_order2,20260507_135359_order4,0.9890303659677573
20260507_135022_order2,20260507_141202_order1,0.9856289955131379
20260507_135022_order2,20260507_142235_order2,0.9989872856080636
20260507_135022_order2,20260507_143033_order3,0.9918924750401075
20260507_135022_order2,20260507_143442_order4,0.9879844772595675
20260507_135022_order2,20260507_151153_order1,0.8887629635793795
20260507_135022_order2,20260507_151733_order2,0.6473752417455243
20260507_135022_order2,20260507_152058_order3,0.7362396840628159
20260507_135022_order2,20260507_152317_order4,0.8020311839372797
20260507_135022_order2,20260507_154437_order1,0.5737378451679047
20260507_135022_order2,20260507_154803_order2,0.5068700307378635
20260507_135022_order2,20260507_155406_order3,0.525626292734772
20260507_135022_order2,20260507_155542_order4,0.5206397896189554
20260507_135022_order2,20260510_112436_order1,0.4122231056105969
20260507_135022_order2,20260510_112937_order2,0.44962458765960917
20260507_135022_order2,20260510_113403_order3,0.5527884188816456
20260507_135022_order2,20260510_113658_order4,0.47594678001378427
20260507_135022_order2,20260510_121708_order1,0.999949452214567
20260507_135022_order2,20260510_122126_order2,0.7450926795005565
20260507_135022_order2,20260510_122534_order3,0.9050950079477769
20260507_135022_order2,20260510_122925_order4,0.6951741489578885
20260507_135022_order2,20260510_140907_order1,0.9870942625423579
20260507_135022_order2,20260510_141947_order2,0.8836909978707627
20260507_135022_order2,20260510_142206_order3,0.9998056491107677
20260507_135022_order2,20260510_142353_order4,0.9978401738368856
20260507_135022_order2,20260510_144735_order1,0.9720676698310641
20260507_135022_order2,20260510_145002_order2,0.867821074628391
20260507_135022_order2,20260510_145207_order3,0.9015481539842135
20260507_135022_order2,20260510_145409_order4,0.7386828943703388
20260507_135022_order2,20260510_154339_order1,0.8589438041702695
20260507_135022_order2,20260510_154923_order2,0.5897148018851207
20260507_135022_order2,20260510_155222_order3,0.4279277592404042
20260507_135022_order2,20260510_155501_order4,0.8428631960066939
20260507_135244_order3,20260507_135359_order4,0.9992218215303633
20260507_135244_order3,20260507_141202_order1,0.9367933398158876
20260507_135244_order3,20260507_142235_order2,0.9730434883665162
20260507_135244_order3,20260507_143033_order3,0.9981834968869367
20260507_135244_order3,20260507_143442_order4,0.9994708501178765
20260507_135244_order3,20260507_151153_order1,0.9586862274777552
20260507_135244_order3,20260507_151733_order2,0.7782308192719807
20260507_135244_order3,20260507_152058_order3,0.8495885822155271
20260507_135244_order3,20260507_152317_order4,0.899400550910826
20260507_135244_order3,20260507_154437_order1,0.7164988234884904
20260507_135244_order3,20260507_154803_order2,0.6588266234356316
20260507_135244_order3,20260507_155406_order3,0.6751434668146329
20260507_135244_order3,20260507_155542_order4,0.670815733751024
20260507_135244_order3,20260510_112436_order1,0.574997272806446
20260507_135244_order3,20260510_112937_order2,0.6084079765413749
20260507_135244_order3,20260510_113403_order3,0.6985826350214807
20260507_135244_order3,20260510_113658_order4,0.6317031559265137
20260507_135244_order3,20260510_121708_order1,0.9805086387039017
20260507_135244_order3,20260510_122126_order2,0.8564647942834279
20260507_135244_order3,20260510_122534_order3,0.9685439094371847
20260507_135244_order3,20260510_122925_order4,0.8171043912013819
20260507_135244_order3,20260510_140907_order1,0.9996388803708881
20260507_135244_order3,20260510_141947_order2,0.9555141283033597
20260507_135244_order3,20260510_142206_order3,0.9859224506748503
20260507_135244_order3,20260510_142353_order4,0.9925706123843913
20260507_135244_order3,20260510_144735_order1,0.998789790365955
20260507_135244_order3,20260510_145002_order2,0.9452984045789615
20260507_135244_order3,20260510_145207_order3,0.9664532027809638
20260507_135244_order3,20260510_145409_order4,0.8514910511281665
20260507_135244_order3,20260510_154339_order1,0.939412203968385
20260507_135244_order3,20260510_154923_order2,0.7300626914192984
20260507_135244_order3,20260510_155222_order3,0.5890694302948458
20260507_135244_order3,20260510_155501_order4,0.9284766890971927
20260507_135359_order4,20260507_141202_order1,0.9498647795566507
20260507_135359_order4,20260507_142235_order2,0.9813826925623347
20260507_135359_order4,20260507_143033_order3,0.9997830548779536
20260507_135359_order4,20260507_143442_order4,0.9999760529216821
20260507_135359_order4,20260507_151153_order1,0.946720030643752
20260507_135359_order4,20260507_151733_order2,0.7528558897399904
20260507_135359_order4,20260507_152058_order3,0.8281234189691398
20260507_135359_order4,20260507_152317_order4,0.8814591345220413
20260507_135359_order4,20260507_154437_order1,0.6884263088955924
20260507_135359_order4,20260507_154803_order2,0.6286412009464784
20260507_135359_order4,20260507_155406_order3,0.6455215439580921
20260507_135359_order4,20260507_155542_order4,0.6410418675003287
20260507_135359_order4,20260510_112436_order1,0.5422793502055121
20260507_135359_order4,20260510_112937_order2,0.5766316258490336
20260507_135359_order4,20260510_113403_order3,0.6698164127198072
20260507_135359_order4,20260510_113658_order4,0.6006349824575495
20260507_135359_order4,20260510_121708_order1,0.9874952249045064
20260507_135359_order4,20260510_122126_order2,0.8354376396041647
20260507_135359_order4,20260510_122534_order3,0.9579751167464442
20260507_135359_order4,20260510_122925_order4,0.7937300744243567
20260507_135359_order4,20260510_140907_order1,0.9999208967242422
20260507_135359_order4,20260510_141947_order2,0.943137050825394
20260507_135359_order4,20260510_142206_order3,0.9917502200653859
20260507_135359_order4,20260510_142353_order4,0.9965972408184304
20260507_135359_order4,20260510_144735_order1,0.9960726388009669
20260507_135359_order4,20260510_145002_order2,0.9316962287681925
20260507_135359_order4,20260510_145207_order3,0.9555704911400469
20260507_135359_order4,20260510_145409_order4,0.830145766537336
20260507_135359_order4,20260510_154339_order1,0.9251605367725049
20260507_135359_order4,20260510_154923_order2,0.7025400322496862
20260507_135359_order4,20260510_155222_order3,0.5567378621256174
20260507_135359_order4,20260510_155501_order4,0.9131054202329028
20260507_141202_order1,20260507_142235_order2,0.9922313117194004
20260507_141202_order1,20260507_143033_order3,0.9561710703878572
20260507_141202_order1,20260507_143442_order4,0.9476783427453197
20260507_141202_order1,20260507_151153_order1,0.7985611254662798
20260507_141202_order1,20260507_151733_order2,0.5093223966596566
20260507_141202_order1,20260507_152058_order3,0.6113444612698504
20260507_141202_order1,20260507_152317_order4,0.6896096130154984
20260507_141202_order1,20260507_154437_order1,0.42713691922485847
20260507_141202_order1,20260507_154803_order2,0.3539690988613783
20260507_141202_order1,20260507_155406_order3,0.3743658281137221
20260507_141202_order1,20260507_155542_order4,0.36893393209409714
20260507_141202_order1,20260510_112436_order1,0.2523948348911448
20260507_141202_order1,20260510_112937_order2,0.29227670763557084
20260507_141202_order1,20260510_113403_order3,0.4040758689619828
20260507_141202_order1,20260510_113658_order4,0.32054224483623167
20260507_141202_order1,20260510_121708_order1,0.987277599350752
20260507_141202_order1,20260510_122126_order2,0.6217189199295572
20260507_141202_order1,20260510_122534_order3,0.8202596100363554
20260507_141202_order1,20260510_122925_order4,0.5637538958995544
20260507_141202_order1,20260510_140907_order1,0.9458571123081103
20260507_141202_order1,20260510_141947_order2,0.7919228654519094
20260507_141202_order1,20260510_142206_order3,0.9821071814011736
20260507_141202_order1,20260510_142353_order4,0.9724038076758348
20260507_141202_order1,20260510_144735_order1,0.9184513803813583
20260507_141202_order1,20260510_145002_order2,0.7714149558561493
20260507_141202_order1,20260510_145207_order3,0.8155019654470472
20260507_141202_order1,20260510_145409_order4,0.6142032108330289
20260507_141202_order1,20260510_154339_order1,0.7600987856919085
20260507_141202_order1,20260510_154923_order2,0.44481464343193267
20260507_141202_order1,20260510_155222_order3,0.26910187651496903
20260507_141202_order1,20260510_155501_order4,0.739847431660011
20260507_142235_order2,20260507_143033_order3,0.985170222410809
20260507_142235_order2,20260507_143442_order4,0.9800300726581327
20260507_142235_order2,20260507_151153_order1,0.8672394393120146
20260507_142235_order2,20260507_151733_order2,0.6124270043329046
20260507_142235_order2,20260507_152058_order3,0.7050461584303449
20260507_142235_order2,20260507_152317_order4,0.7743452423581821
20260507_142235_order2,20260507_154437_order1,0.5363055200028648
20260507_142235_order2,20260507_154803_order2,0.4675714530922949
20260507_142235_order2,20260507_155406_order3,0.48681745584509994
20260507_142235_order2,20260507_155542_order4,0.4816982843962956
20260507_142235_order2,20260510_112436_order1,0.37081298525779144
20260507_142235_order2,20260510_112937_order2,0.4089804099821817
20260507_142235_order2,20260510_113403_order3,0.514734685719871
20260507_142235_order2,20260510_113658_order4,0.43589431338437107
20260507_142235_order2,20260510_121708_order1,0.9993891687798696
20260507_142235_order2,20260510_122126_order2,0.7143293197071564
20260507_142235_order2,20260510_122534_order3,0.8850468196260982
20260507_142235_order2,20260510_122925_order4,0.6621270693866499
20260507_142235_order2,20260510_140907_order1,0.9788893742896915
20260507_142235_order2,20260510_141947_order2,0.8617360106352335
20260507_142235_order2,20260510_142206_order3,0.9979061131805739
20260507_142235_order2,20260510_142353_order4,0.9938741022045183
20260507_142235_order2,20260510_144735_order1,0.9605232758279725
20260507_142235_order2,20260510_145002_order2,0.8445860772924706
20260507_142235_order2,20260510_145207_order3,0.8811674849573763
20260507_142235_order2,20260510_145409_order4,0.7076069260559836
20260507_142235_order2,20260510_154339_order1,0.8350342118428106
20260507_142235_order2,20260510_154923_order2,0.5527804547239595
20260507_142235_order2,20260510_155222_order3,0.3868288357460656
20260507_142235_order2,20260510_155501_order4,0.8177974508178271
20260507_143033_order3,20260507_143442_order4,0.9996149742684546
20260507_143033_order3,20260507_151153_order1,0.9398065657162844
20260507_143033_order3,20260507_151733_order2,0.7389833418995903
20260507_143033_order3,20260507_152058_order3,0.8162682590451396
20260507_143033_order3,20260507_152317_order4,0.8714312861171222
20260507_143033_order3,20260507_154437_order1,0.6731696898752019
20260507_143033_order3,20260507_154803_order2,0.6123063475172531
20260507_143033_order3,20260507_155406_order3,0.629473661354531
20260507_143033_order3,20260507_155542_order4,0.6249165601996566
20260507_143033_order3,20260510_112436_order1,0.5246613734967576
20260507_143033_order3,20260510_112937_order2,0.5594892999395541
20260507_143033_order3,20260510_113403_order3,0.6542051492949879
20260507_143033_order3,20260510_113658_order4,0.5838515554934897
20260507_143033_order3,20260510_121708_order1,0.9905646341408643
20260507_143033_order3,20260510_122126_order2,0.8238091882702434
20260507_143033_order3,20260510_122534_order3,0.9517925180909844
20260507_143033_order3,20260510_122925_order4,0.7808883345818742
20260507_143033_order3,20260510_140907_order1,0.9994419936927846
20260507_143033_order3,20260510_141947_order2,0.9360088600995727
20260507_143033_order3,20260510_142206_order3,0.9942050164055435
20260507_143033_order3,20260510_142353_order4,0.9980978577230263
20260507_143033_order3,20260510_144735_order1,0.9940123687630532
20260507_143033_order3,20260510_145002_order2,0.92392827864552
20260507_143033_order3,20260510_145207_order3,0.9492236297935641
20260507_143033_order3,20260510_145409_order4,0.8183526416521805
20260507_143033_order3,20260510_154339_order1,0.9170537106154603
20260507_143033_order3,20260510_154923_order2,0.6875649160001779
20260507_143033_order3,20260510_155222_order3,0.5393148310447226
20260507_143033_order3,20260510_155501_order4,0.9044149304493881
20260507_143442_order4,20260507_151153_order1,0.9489260810582181
20260507_143442_order4,20260507_151733_order2,0.7573926695585205
20260507_143442_order4,20260507_152058_order3,0.8319827062077976
20260507_143442_order4,20260507_152317_order4,0.8847061868994746
20260507_143442_order4,20260507_154437_order1,0.6934291248776837
20260507_143442_order4,20260507_154803_order2,0.6340079946654485
20260507_143442_order4,20260507_155406_order3,0.6507913724196674
20260507_143442_order4,20260507_155542_order4,0.6463378500106433
20260507_143442_order4,20260510_112436_order1,0.5480807467577669
20260507_143442_order4,20260510_112937_order2,0.5822716916313292
20260507_143442_order4,20260510_113403_order3,0.6749388441809498
20260507_143442_order4,20260510_113658_order4,0.6061535013168362
20260507_143442_order4,20260510_121708_order1,0.9863806093586182
20260507_143442_order4,20260510_122126_order2,0.839220901925812
20260507_143442_order4,20260510_122534_order3,0.9599372604363976
20260507_143442_order4,20260510_122925_order4,0.797920449538816
20260507_143442_order4,20260510_140907_order1,0.9999839936795349
20260507_143442_order4,20260510_141947_order2,0.945414786659409
20260507_143442_order4,20260510_142206_order3,0.9908393974214714
20260507_143442_order4,20260510_142353_order4,0.9960029731921302
20260507_143442_order4,20260510_144735_order1,0.996661505065112
20260507_143442_order4,20260510_145002_order2,0.934187619444083
20260507_143442_order4,20260510_145207_order3,0.9575874410326627
20260507_143442_order4,20260510_145409_order4,0.8339842488106108
20260507_143442_order4,20260510_154339_order1,0.9277651445750038
20260507_143442_order4,20260510_154923_order2,0.7074479653630952
20260507_143442_order4,20260510_155222_order3,0.5624731007976129
20260507_143442_order4,20260510_155501_order4,0.9159051043776687
20260507_151153_order1,20260507_151733_order2,0.9247174431490379
20260507_151153_order1,20260507_152058_order3,0.9645291383390925
20260507_151153_order1,20260507_152317_order4,0.9865900994156137
20260507_151153_order1,20260507_154437_order1,0.8853374731888849
20260507_151153_order1,20260507_154803_order2,0.8456100528309775
20260507_151153_order1,20260507_155406_order3,0.8570972093494906
20260507_151153_order1,20260507_155542_order4,0.8540683869237361
20260507_151153_order1,20260510_112436_order1,0.7839790642061015
20260507_151153_order1,20260510_112937_order2,0.8090312480312702
20260507_151153_order1,20260510_113403_order3,0.8732650930197867
20260507_151153_order1,20260510_113658_order4,0.8261258491450612
20260507_151153_order1,20260510_121708_order1,0.8841094631451886
20260507_151153_order1,20260510_122126_order2,0.967923726049491
20260507_151153_order1,20260510_122534_order3,0.9993169134755714
20260507_151153_order1,20260510_122925_order4,0.9473382616059399
20260507_151153_order1,20260510_140907_order1,0.9506958639022864
20260507_151153_order1,20260510_141947_order2,0.9999400552079374
20260507_151153_order1,20260510_142206_order3,0.8976267009699248
20260507_151153_order1,20260510_142353_order4,0.9169528557843022
20260507_151153_order1,20260510_144735_order1,0.9715168445182912
20260507_151153_order1,20260510_145002_order2,0.9990392169010055
20260507_151153_order1,20260510_145207_order3,0.9995883226469523
20260507_151153_order1,20260510_145409_order4,0.9654777579775894
20260507_151153_order1,20260510_154339_order1,0.9981134134330375
20260507_151153_order1,20260510_154923_order2,0.8942992435638188
20260507_151153_order1,20260510_155222_order3,0.7946044536578152
20260507_151153_order1,20260510_155501_order4,0.9957657109926211
20260507_151733_order2,20260507_152058_order3,0.9924006536414202
20260507_151733_order2,20260507_152317_order4,0.9744465315145674
20260507_151733_order2,20260507_154437_order1,0.9956718053280795
20260507_151733_order2,20260507_154803_order2,0.9851440247994973
20260507_151733_order2,20260507_155406_order3,0.9886685622465874
20260507_151733_order2,20260507_155542_order4,0.9877733225879806
20260507_151733_order2,20260510_112436_order1,0.9612644177866073
20260507_151733_order2,20260510_112937_order2,0.9718607856062588
20260507_151733_order2,20260510_113403_order3,0.9929954887361184
20260507_151733_order2,20260510_113658_order4,0.9784261841310687
20260507_151733_order2,20260510_121708_order1,0.6396793914848519
20260507_151733_order2,20260510_122126_order2,0.9906931304765418
20260507_151733_order2,20260510_122534_order3,0.9100185489802073
20260507_151733_order2,20260510_122925_order4,0.9979188829095104
20260507_151733_order2,20260510_140907_order1,0.7610747443814089
20260507_151733_order2,20260510_141947_order2,0.9288298206983181
20260507_151733_order2,20260510_142206_order3,0.662275236533083
20260507_151733_order2,20260510_142353_order4,0.6960429521266822
20260507_151733_order2,20260510_144735_order1,0.8081747504035894
20260507_151733_order2,20260510_145002_order2,0.9405112008958897
20260507_151733_order2,20260510_145207_order3,0.913415357624046
20260507_151733_order2,20260510_145409_order4,0.9919490340436629
20260507_151733_order2,20260510_154339_order1,0.9463439704988854
20260507_151733_order2,20260510_154923_order2,0.9973052322097921
20260507_151733_order2,20260510_155222_order3,0.9658902415553037
20260507_151733_order2,20260510_155501_order4,0.9557944741336218
20260507_152058_order3,20260507_152317_order4,0.9946804836362867
20260507_152058_order3,20260507_154437_order1,0.976669348363203
20260507_152058_order3,20260507_154803_order2,0.9565264331243483
20260507_152058_order3,20260507_155406_order3,0.9626839170804916
20260507_152058_order3,20260507_155542_order4,0.9610840024836665
20260507_152058_order3,20260510_112436_order1,0.9200438368788771
20260507_152058_order3,20260510_112937_order2,0.9354904671358161
20260507_152058_order3,20260510_113403_order3,0.9709109125818491
20260507_152058_order3,20260510_113658_order4,0.94556936635529
20260507_152058_order3,20260510_121708_order1,0.7293984908402171
20260507_152058_order3,20260510_122126_order2,0.9999131824042041
20260507_152058_order3,20260510_122534_order3,0.9541149270114726
20260507_152058_order3,20260510_122925_order4,0.998269741000759
20260507_152058_order3,20260510_140907_order1,0.8351082461267874
20260507_152058_order3,20260510_141947_order2,0.9673616162963755
20260507_152058_order3,20260510_142206_order3,0.7494377947348251
20260507_152058_order3,20260510_142353_order4,0.7791023397099754
20260507_152058_order3,20260510_144735_order1,0.8745016887230763
20260507_152058_order3,20260510_145002_order2,0.9751712281264098
20260507_152058_order3,20260510_145207_order3,0.9565582829888784
20260507_152058_order3,20260510_145409_order4,0.9999934550858111
20260507_152058_order3,20260510_154339_order1,0.9789168707994641
20260507_152058_order3,20260510_154923_order2,0.9806990388691386
20260507_152058_order3,20260510_155222_order3,0.9266864709036997
20260507_152058_order3,20260510_155501_order4,0.9847117060171162
20260507_152317_order4,20260507_154437_order1,0.9493530257479494
20260507_152317_order4,20260507_154803_order2,0.9213962241082319
20260507_152317_order4,20260507_155406_order3,0.9296859167776831
20260507_152317_order4,20260507_155542_order4,0.9275147820212262
20260507_152317_order4,20260510_112436_order1,0.8747893666197765
20260507_152317_order4,20260510_112937_order2,0.8941158932044967
20260507_152317_order4,20260510_113403_order3,0.9410817010607003
20260507_152317_order4,20260510_113658_order4,0.9070183383077852
20260507_152317_order4,20260510_121708_order1,0.7959853686534326
20260507_152317_order4,20260510_122126_order2,0.9959514351757965
20260507_152317_order4,20260510_122534_order3,0.9798844028525959
20260507_152317_order4,20260510_122925_order4,0.9869024655683777
20260507_152317_order4,20260510_140907_order1,0.8873293210899436
20260507_152317_order4,20260510_141947_order2,0.9883180400026937
20260507_152317_order4,20260510_142206_order3,0.8136504155463744
20260507_152317_order4,20260510_142353_order4,0.8395335292015895
20260507_152317_order4,20260510_144735_order1,0.9198111556209154
20260507_152317_order4,20260510_145002_order2,0.9927952276865268
20260507_152317_order4,20260510_145207_order3,0.9815010474979557
20260507_152317_order4,20260510_145409_order4,0.9950466066921327
20260507_152317_order4,20260510_154339_order1,0.9947499066867196
20260507_152317_order4,20260510_154923_order2,0.9553416442808876
20260507_152317_order4,20260510_155222_order3,0.8830427520966551
20260507_152317_order4,20260510_155501_order4,0.9974167579214495
20260507_154437_order1,20260507_154803_order2,0.9968405561624535
20260507_154437_order1,20260507_155406_order3,0.9983409349708746
20260507_154437_order1,20260507_155542_order4,0.9979869520005731
20260507_154437_order1,20260510_112436_order1,0.9827204503765908
20260507_154437_order1,20260510_112937_order2,0.9895467139697289
20260507_154437_order1,20260510_113403_order3,0.9996785623682194
20260507_154437_order1,20260510_113658_order4,0.9933922528395858
20260507_154437_order1,20260510_121708_order1,0.5654739513522905
20260507_154437_order1,20260510_122126_order2,0.9737548906890551
20260507_154437_order1,20260510_122534_order3,0.8675503318208145
20260507_154437_order1,20260510_122925_order4,0.9876068269132616
20260507_154437_order1,20260510_140907_order1,0.6974944812878562
20260507_154437_order1,20260510_141947_order2,0.8903751598798674
20260507_154437_order1,20260510_142206_order3,0.5897732656859587
20260507_154437_order1,20260510_142353_order4,0.6263001466934321
20260507_154437_order1,20260510_144735_order1,0.7499410781830832
20260507_154437_order1,20260510_145002_order2,0.904863291894186
20260507_154437_order1,20260510_145207_order3,0.871633087468274
20260507_154437_order1,20260510_145409_order4,0.9758861078766697
20260507_154437_order1,20260510_154339_order1,0.9122137513170263
20260507_154437_order1,20260510_154923_order2,0.9998070738896537
20260507_154437_order1,20260510_155222_order3,0.9857763975882976
20260507_154437_order1,20260510_155501_order4,0.9243302462054482
20260507_154803_order2,20260507_155406_order3,0.999760176898023
20260507_154803_order2,20260507_155542_order4,0.9998711968746673
20260507_154803_order2,20260510_112436_order1,0.9943175149720851
20260507_154803_order2,20260510_112937_order2,0.9978749100367929
20260507_154803_order2,20260510_113403_order3,0.9985338802127561
20260507_154803_order2,20260510_113658_order4,0.9993695959368116
20260507_154803_order2,20260510_121708_order1,0.49817734637807853
20260507_154803_order2,20260510_122126_order2,0.9526004795265237
20260507_154803_order2,20260510_122534_order3,0.825305589527012
20260507_154803_order2,20260510_122925_order4,0.972020360183688
20260507_154803_order2,20260510_140907_order1,0.6383730336442813
20260507_154803_order2,20260510_141947_order2,0.8514039873860403
20260507_154803_order2,20260510_142206_order3,0.5237658439855567
20260507_154803_order2,20260510_142353_order4,0.5624002775341691
20260507_154803_order2,20260510_144735_order1,0.695029294489133
20260507_154803_order2,20260510_145002_order2,0.8681914925377965
20260507_154803_order2,20260510_145207_order3,0.8299465758971047
20260507_154803_order2,20260510_145409_order4,0.955465150703576
20260507_154803_order2,20260510_154339_order1,0.8767886051375342
20260507_154803_order2,20260510_154923_order2,0.9950880966061393
20260507_154803_order2,20260510_155222_order3,0.9960108367026317
20260507_154803_order2,20260510_155501_order4,0.8911004404755944
20260507_155406_order3,20260507_155542_order4,0.99998288161398
20260507_155406_order3,20260510_112436_order1,0.9917477487340796
20260507_155406_order3,20260510_112937_order2,0.9962086571628953
20260507_155406_order3,20260510_113403_order3,0.9994798335509127
20260507_155406_order3,20260510_113658_order4,0.9983524459934711
20260507_155406_order3,20260510_121708_order1,0.5170463437744252
20260507_155406_order3,20260510_122126_order2,0.9590343671166078
20260507_155406_order3,20260510_122534_order3,0.8374739852635857
20260507_155406_order3,20260510_122925_order4,0.9769313556157159
20260507_155406_order3,20260510_140907_order1,0.6550765407343117
20260507_155406_order3,20260510_141947_order2,0.8626862945430499
20260507_155406_order3,20260510_142206_order3,0.5422955509346415
20260507_155406_order3,20260510_142353_order4,0.5803732950445699
20260507_155406_order3,20260510_144735_order1,0.7106079106507299
20260507_155406_order3,20260510_145002_order2,0.8788504314978803
20260507_155406_order3,20260510_145207_order3,0.8419639902300499
20260507_155406_order3,20260510_145409_order4,0.9616986243135973
20260507_155406_order3,20260510_154339_order1,0.88710925347679
20260507_155406_order3,20260510_154923_order2,0.9970173522796371
20260507_155406_order3,20260510_155222_order3,0.993817832192474
20260507_155406_order3,20260510_155501_order4,0.9008248408921177
20260507_155542_order4,20260510_112436_order1,0.9924808929821146
20260507_155542_order4,20260510_112937_order2,0.9967006156287672
20260507_155542_order4,20260510_113403_order3,0.999274032114585
20260507_155542_order4,20260510_113658_order4,0.9986710817178014
20260507_155542_order4,20260510_121708_order1,0.5120293178047376
20260507_155542_order4,20260510_122126_order2,0.9573604332909825
20260507_155542_order4,20260510_122534_order3,0.8342622320009594
20260507_155542_order4,20260510_122925_order4,0.9756651393262598
20260507_155542_order4,20260510_140907_order1,0.6506445589068905
20260507_155542_order4,20260510_141947_order2,0.8597124649819233
20260507_155542_order4,20260510_142206_order3,0.5373703601706458
20260507_155542_order4,20260510_142353_order4,0.5755986252290093
20260507_155542_order4,20260510_144735_order1,0.7064790779918104
20260507_155542_order4,20260510_145002_order2,0.8760439087143971
20260507_155542_order4,20260510_145207_order3,0.838792786106209
20260507_155542_order4,20260510_145409_order4,0.9600783609926893
20260507_155542_order4,20260510_154339_order1,0.8843935009521989
20260507_155542_order4,20260510_154923_order2,0.9965487224225529
20260507_155542_order4,20260510_155222_order3,0.994450412718614
20260507_155542_order4,20260510_155501_order4,0.8982690343370319
20260510_112436_order1,20260510_112937_order2,0.9991409788460637
20260510_112436_order1,20260510_113403_order3,0.98709728607489
20260510_112436_order1,20260510_113658_order4,0.9974700857684065
20260510_112436_order1,20260510_121708_order1,0.40304193507578334
20260510_112436_order1,20260510_122126_order2,0.9148011484070627
20260510_112436_order1,20260510_122534_order3,0.7605020913935627
20260510_112436_order1,20260510_122925_order4,0.9414909408928577
20260510_112436_order1,20260510_140907_order1,0.5528041506346518
20260510_112436_order1,20260510_141947_order2,0.7907291099557788
20260510_112436_order1,20260510_142206_order3,0.43010451444362746
20260510_112436_order1,20260510_142353_order4,0.4711804820187258
20260510_112436_order1,20260510_144735_order1,0.6145406014057678
20260510_112436_order1,20260510_145002_order2,0.8104318939072518
20260510_112436_order1,20260510_145207_order3,0.7658452280749102
20260510_112436_order1,20260510_145409_order4,0.9186204304308929
20260510_112436_order1,20260510_154339_order1,0.8206145897436639
20260510_112436_order1,20260510_154923_order2,0.9788951862873904
20260510_112436_order1,20260510_155222_order3,0.9998502544106519
20260510_112436_order1,20260510_155501_order4,0.8377268240619391
20260510_112937_order2,20260510_113403_order3,0.9928848462720554
20260510_112937_order2,20260510_113658_order4,0.9995591273658413
20260510_112937_order2,20260510_121708_order1,0.44062115041884525
20260510_112937_order2,20260510_122126_order2,0.930753257793252
20260510_112937_order2,20260510_122534_order3,0.786757490417842
20260510_112937_order2,20260510_122925_order4,0.9546491637056431
20260510_112937_order2,20260510_140907_order1,0.5868619837417741
20260510_112937_order2,20260510_141947_order2,0.8154182361246499
20260510_112937_order2,20260510_142206_order3,0.46714652237350524
20260510_112937_order2,20260510_142353_order4,0.5073276376112387
20260510_112937_order2,20260510_144735_order1,0.6467043723178082
20260510_112937_order2,20260510_145002_order2,0.834012831897437
20260510_112937_order2,20260510_145207_order3,0.7918345266052311
20260510_112937_order2,20260510_145409_order4,0.934206100792833
20260510_112937_order2,20260510_154339_order1,0.8435920765054826
20260510_112937_order2,20260510_154923_order2,0.9865231662402331
20260510_112937_order2,20260510_155222_order3,0.9997084923148151
20260510_112937_order2,20260510_155501_order4,0.8596373374504866
20260510_113403_order3,20260510_113658_order4,0.9959826561557011
20260510_113403_order3,20260510_121708_order1,0.5443819814698914
20260510_113403_order3,20260510_122126_order2,0.967671592249133
20260510_113403_order3,20260510_122534_order3,0.8546622249950525
20260510_113403_order3,20260510_122925_order4,0.983310282610366
20260510_113403_order3,20260510_140907_order1,0.6791026495724645
20260510_113403_order3,20260510_141947_order2,0.8785476282200799
20260510_113403_order3,20260510_142206_order3,0.5691094857718256
20260510_113403_order3,20260510_142353_order4,0.6063341735040859
20260510_113403_order3,20260510_144735_order1,0.7329289654321284
20260510_113403_order3,20260510_145002_order2,0.8937796530919986
20260510_113403_order3,20260510_145207_order3,0.85892596780754
20260510_113403_order3,20260510_145409_order4,0.9700383855181344
20260510_113403_order3,20260510_154339_order1,0.901533082902439
20260510_113403_order3,20260510_154923_order2,0.9989877157521508
20260510_113403_order3,20260510_155222_order3,0.9897203950950091
20260510_113403_order3,20260510_155501_order4,0.914358634972375
20260510_113658_order4,20260510_121708_order1,0.46708019450959826
20260510_113658_order4,20260510_122126_order2,0.9411993231766871
20260510_113658_order4,20260510_122534_order3,0.804737691142138
20260510_113658_order4,20260510_122925_order4,0.9630682430696171
20260510_113658_order4,20260510_140907_order1,0.6106435735682038
20260510_113658_order4,20260510_141947_order2,0.8322459694745331
20260510_113658_order4,20260510_142206_order3,0.4931926522265921
20260510_113658_order4,20260510_142353_order4,0.5326901852910843
20260510_113658_order4,20260510_144735_order1,0.6690657043127727
20260510_113658_order4,20260510_145002_order2,0.8500269363491845
20260510_113658_order4,20260510_145207_order3,0.8096187104906928
20260510_113658_order4,20260510_145409_order4,0.9443859751968902
20260510_113658_order4,20260510_154339_order1,0.8591637056269468
20260510_113658_order4,20260510_154923_order2,0.9909463070086728
20260510_113658_order4,20260510_155222_order3,0.9985508956102692
20260510_113658_order4,20260510_155501_order4,0.8744275599174927
20260510_121708_order1,20260510_122126_order2,0.7383491683255244
20260510_121708_order1,20260510_122534_order3,0.9007740607089104
20260510_121708_order1,20260510_122925_order4,0.6879115377875594
20260510_121708_order1,20260510_140907_order1,0.9854342643989821
20260510_121708_order1,20260510_141947_order2,0.8789401900732996
20260510_121708_order1,20260510_142206_order3,0.9995568968354964
20260510_121708_order1,20260510_142353_order4,0.9971292822401348
20260510_121708_order1,20260510_144735_order1,0.9696587753129233
20260510_121708_order1,20260510_145002_order2,0.8627814429190688
20260510_121708_order1,20260510_145207_order3,0.8971522862865369
20260510_121708_order1,20260510_145409_order4,0.7318684002489338
20260510_121708_order1,20260510_154339_order1,0.8537518653216732
20260510_121708_order1,20260510_154923_order2,0.5815649957037201
20260510_121708_order1,20260510_155222_order3,0.4188188898409324
20260510_121708_order1,20260510_155501_order4,0.8374100737034079
20260510_122126_order2,20260510_122534_order3,0.9579777188264168
20260510_122126_order2,20260510_122925_order4,0.997408279457901
20260510_122126_order2,20260510_140907_order1,0.8422840304840502
20260510_122126_order2,20260510_141947_order2,0.970616595085546
20260510_122126_order2,20260510_142206_order3,0.758096657849188
20260510_122126_order2,20260510_142353_order4,0.7872950992661469
20260510_122126_order2,20260510_144735_order1,0.8808167385315192
20260510_122126_order2,20260510_145002_order2,0.9780045654271208
20260510_122126_order2,20260510_145207_order3,0.9603167738833895
20260510_122126_order2,20260510_145409_order4,0.9999543061773858
20260510_122126_order2,20260510_154339_order1,0.9815233348712983
20260510_122126_order2,20260510_154923_order2,0.9780375559206564
20260510_122126_order2,20260510_155222_order3,0.9216537702085682
20260510_122126_order2,20260510_155501_order4,0.9869214841488365
20260510_122534_order3,20260510_122925_order4,0.934856747113012
20260510_122534_order3,20260510_140907_order1,0.9615072466765504
20260510_122534_order3,20260510_141947_order2,0.9988523844429943
20260510_122534_order3,20260510_142206_order3,0.9133018843906672
20260510_122534_order3,20260510_142353_order4,0.9310715446501858
20260510_122534_order3,20260510_144735_order1,0.9796105587059669
20260510_122534_order3,20260510_145002_order2,0.9967372141615488
20260510_122534_order3,20260510_145207_order3,0.9999658120373004
20260510_122534_order3,20260510_145409_order4,0.9551919061981223
20260510_122534_order3,20260510_154339_order1,0.995162660660305
20260510_122534_order3,20260510_154923_order2,0.8771519458533248
20260510_122534_order3,20260510_155222_order3,0.7716250261923107
20260510_122534_order3,20260510_155501_order4,0.9916883043235628
20260510_122925_order4,20260510_140907_order1,0.8013178807845165
20260510_122925_order4,20260510_141947_order2,0.9507877449915607
20260510_122925_order4,20260510_142206_order3,0.7092106242910723
20260510_122925_order4,20260510_142353_order4,0.7408923328670141
20260510_122925_order4,20260510_144735_order1,0.8444689219877004
20260510_122925_order4,20260510_145002_order2,0.9604623903747763
20260510_122925_order4,20260510_145207_order3,0.9377603708820296
20260510_122925_order4,20260510_145409_order4,0.9980504985947971
20260510_122925_order4,20260510_154339_order1,0.9652125209635501
20260510_122925_order4,20260510_154923_order2,0.9904990861784371
20260510_122925_order4,20260510_155222_order3,0.9471824392334698
20260510_122925_order4,20260510_155501_order4,0.9727652924367718
20260510_140907_order1,20260510_141947_order2,0.9472433005221534
20260510_140907_order1,20260510_142206_order3,0.9900595037620964
20260510_140907_order1,20260510_142353_order4,0.995481693903815
20260510_140907_order1,20260510_144735_order1,0.997107468002187
20260510_140907_order1,20260510_145002_order2,0.9361912053086
20260510_140907_order1,20260510_145207_order3,0.9592023174394106
20260510_140907_order1,20260510_145409_order4,0.8370927085097052
20260510_140907_order1,20260510_154339_order1,0.9298615190957695
20260510_140907_order1,20260510_154923_order2,0.7114352519206726
20260510_140907_order1,20260510_155222_order3,0.5671419055138388
20260510_140907_order1,20260510_155501_order4,0.9181613846516157
20260510_141947_order2,20260510_142206_order3,0.8927470233263025
20260510_141947_order2,20260510_142353_order4,0.9125292630208071
20260510_141947_order2,20260510_144735_order1,0.9688640038563879
20260510_141947_order2,20260510_145002_order2,0.9994591754984227
20260510_141947_order2,20260510_145207_order3,0.9992142634400177
20260510_141947_order2,20260510_145409_order4,0.9682719570163024
20260510_141947_order2,20260510_154339_order1,0.9987258250587309
20260510_141947_order2,20260510_154923_order2,0.8991450079478782
20260510_141947_order2,20260510_155222_order3,0.8012043005067114
20260510_141947_order2,20260510_155501_order4,0.9967125409033541
20260510_142206_order3,20260510_142353_order4,0.9989412595972004
20260510_142206_order3,20260510_144735_order1,0.9765057519098433
20260510_142206_order3,20260510_145002_order2,0.8774480813219546
20260510_142206_order3,20260510_145207_order3,0.9099029748360374
20260510_142206_order3,20260510_145409_order4,0.7518279366339454
20260510_142206_order3,20260510_154339_order1,0.8688720588368629
20260510_142206_order3,20260510_154923_order2,0.6055218315162557
20260510_142206_order3,20260510_155222_order3,0.4456627917927555
20260510_142206_order3,20260510_155501_order4,0.853308296509505
20260510_142353_order4,20260510_144735_order1,0.9853853233953791
20260510_142353_order4,20260510_145002_order2,0.8985858456849721
20260510_142353_order4,20260510_145207_order3,0.9280230044412592
20260510_142353_order4,20260510_145409_order4,0.7813650315988732
20260510_142353_order4,20260510_154339_order1,0.8907257566130133
20260510_142353_order4,20260510_154923_order2,0.641491944932981
20260510_142353_order4,20260510_155222_order3,0.48637366120910486
20260510_142353_order4,20260510_155501_order4,0.8763915940842368
20260510_144735_order1,20260510_145002_order2,0.9601981744182284
20260510_144735_order1,20260510_145207_order3,0.9779158475721994
20260510_144735_order1,20260510_145409_order4,0.8762505282823411
20260510_144735_order1,20260510_154339_order1,0.9551346827118917
20260510_144735_order1,20260510_154923_order2,0.7627897353269275
20260510_144735_order1,20260510_155222_order3,0.6281003149306592
20260510_144735_order1,20260510_155501_order4,0.9456190841396587
20260510_145002_order2,20260510_145207_order3,0.99737054528683
20260510_145002_order2,20260510_145409_order4,0.9759659474497183
20260510_145002_order2,20260510_154339_order1,0.9998451809551582
20260510_145002_order2,20260510_154923_order2,0.913050407408527
20260510_145002_order2,20260510_155222_order3,0.8204484327990622
20260510_145002_order2,20260510_155501_order4,0.9988377248574459
20260510_145207_order3,20260510_145409_order4,0.9576066699016588
20260510_145207_order3,20260510_154339_order1,0.9959409608145422
20260510_145207_order3,20260510_154923_order2,0.8810926776742006
20260510_145207_order3,20260510_155222_order3,0.7768581583705878
20260510_145207_order3,20260510_155501_order4,0.9927182776315664
20260510_145409_order4,20260510_154339_order1,0.979649369662096
20260510_145409_order4,20260510_154923_order2,0.9799853191288972
20260510_145409_order4,20260510_155222_order3,0.9253208288497377
20260510_145409_order4,20260510_155501_order4,0.9853353998812827
20260510_154339_order1,20260510_154923_order2,0.9200854177864
20260510_154339_order1,20260510_155222_order3,0.830381260959589
20260510_154339_order1,20260510_155501_order4,0.9995311944183634
20260510_154923_order2,20260510_155222_order3,0.9822851233818545
20260510_154923_order2,20260510_155501_order4,0.9316472171487482
20260510_155222_order3,20260510_155501_order4,0.8470515131783631
