session_label,window_idx,cluster
20260504_183351_order1,0,3
20260504_183351_order1,30,0
20260504_183351_order1,60,0
20260504_183351_order1,510,0
20260504_183351_order1,540,2
20260504_183351_order1,600,2
20260504_183351_order1,630,2
20260504_183351_order1,660,0
20260504_183351_order1,690,5
20260504_183351_order1,810,5
20260504_183351_order1,840,5
20260504_183351_order1,990,0
20260504_183351_order1,1020,0
20260504_183351_order1,1260,5
20260504_183351_order1,1290,5
20260504_183351_order1,1380,0
20260504_183351_order1,1410,5
20260504_183351_order1,1440,5
20260504_183351_order1,1470,5
20260504_183351_order1,1500,3
20260504_183351_order1,1530,4
20260504_183529_order2,90,2
20260504_183529_order2,120,3
20260504_183529_order2,150,5
20260504_183529_order2,180,5
20260504_183529_order2,210,5
20260504_183529_order2,240,5
20260504_183529_order2,270,5
20260504_183529_order2,300,5
20260504_183529_order2,330,5
20260504_183529_order2,360,5
20260504_183529_order2,570,5
20260504_183529_order2,600,5
20260504_183529_order2,630,5
20260504_183529_order2,660,3
20260504_183529_order2,690,5
20260504_183529_order2,720,5
20260504_183529_order2,750,3
20260504_183529_order2,780,5
20260504_183529_order2,900,4
20260504_183529_order2,930,5
20260504_183529_order2,960,5
20260504_183529_order2,990,5
20260504_183529_order2,1020,4
20260504_183529_order2,1050,5
20260504_183529_order2,1170,5
20260504_183529_order2,1200,5
20260504_183529_order2,1320,4
20260504_183529_order2,1350,4
20260504_183529_order2,1380,5
20260504_183529_order2,1410,5
20260504_183529_order2,1440,5
20260504_183529_order2,1470,5
20260504_183529_order2,1500,5
20260504_183529_order2,1530,4
20260504_183529_order2,1590,4
20260504_183529_order2,1620,5
20260504_183529_order2,1650,5
20260504_183529_order2,1680,5
20260504_183529_order2,1710,5
20260504_183529_order2,1740,5
20260504_183529_order2,1770,5
20260504_183529_order2,1800,5
20260504_183529_order2,1830,5
20260504_183529_order2,2040,5
20260504_183529_order2,2070,5
20260504_183529_order2,2160,5
20260504_183529_order2,2190,5
20260504_183529_order2,2430,5
20260504_183529_order2,2460,5
20260504_183529_order2,2490,5
20260504_183529_order2,2520,5
20260504_183529_order2,2550,5
20260504_183529_order2,2610,5
20260504_183529_order2,2640,5
20260504_183529_order2,2670,5
20260504_183529_order2,2700,5
20260504_183529_order2,2730,5
20260504_183529_order2,2760,5
20260504_183529_order2,2790,5
20260504_183529_order2,3120,5
20260504_183529_order2,3150,5
20260504_183529_order2,3180,5
20260504_183529_order2,3990,5
20260504_183529_order2,4020,5
20260504_183529_order2,4200,5
20260504_183529_order2,4230,5
20260504_183529_order2,4260,3
20260504_183529_order2,4290,5
20260504_183529_order2,4410,5
20260504_183529_order2,4440,5
20260504_183529_order2,4530,5
20260504_183529_order2,4560,5
20260504_183529_order2,4590,5
20260504_183529_order2,4800,5
20260504_183529_order2,4830,5
20260504_183529_order2,4860,5
20260504_183529_order2,4890,5
20260504_183529_order2,5010,5
20260504_183529_order2,5040,5
20260504_183529_order2,5070,5
20260504_183529_order2,5100,2
20260504_183529_order2,5130,5
20260504_183529_order2,5160,5
20260504_183529_order2,5190,5
20260504_183529_order2,5220,5
20260504_183529_order2,5250,5
20260504_183529_order2,5310,5
20260504_183529_order2,5340,5
20260504_183529_order2,5370,5
20260504_183529_order2,5400,5
20260504_183529_order2,5430,2
20260504_183529_order2,5460,5
20260504_183529_order2,5490,5
20260504_183529_order2,5520,5
20260504_183529_order2,5850,5
20260504_183529_order2,5880,4
20260504_183529_order2,5940,5
20260504_183529_order2,5970,5
20260504_183529_order2,6000,5
20260504_183529_order2,6030,5
20260504_183529_order2,6060,5
20260504_183529_order2,6090,5
20260504_183529_order2,6120,5
20260504_183529_order2,6150,5
20260504_183529_order2,6180,5
20260504_183529_order2,6210,3
20260504_184034_order3,120,5
20260504_184034_order3,150,5
20260504_184034_order3,180,5
20260504_184034_order3,210,5
20260504_184034_order3,240,5
20260504_184034_order3,270,5
20260504_184034_order3,300,5
20260504_184034_order3,330,5
20260504_184034_order3,360,5
20260504_184034_order3,450,5
20260504_184034_order3,480,5
20260504_184034_order3,510,5
20260504_184034_order3,540,5
20260504_184034_order3,570,5
20260504_184034_order3,600,5
20260504_184034_order3,870,5
20260504_184034_order3,900,5
20260504_184034_order3,1020,3
20260504_184034_order3,1050,5
20260504_184034_order3,1080,5
20260504_184034_order3,1110,2
20260504_184034_order3,1470,5
20260504_184034_order3,1500,5
20260504_184034_order3,1530,5
20260504_184034_order3,1560,5
20260504_184034_order3,1590,5
20260504_184034_order3,1620,5
20260504_184034_order3,1650,5
20260504_184034_order3,1680,5
20260504_184034_order3,1710,5
20260504_184034_order3,1740,2
20260504_184034_order3,1770,5
20260504_184034_order3,1860,5
20260504_184034_order3,1890,5
20260504_184034_order3,1920,5
20260504_184034_order3,1950,5
20260504_184034_order3,2220,5
20260504_184034_order3,2250,5
20260504_184034_order3,2280,5
20260504_184034_order3,2430,5
20260504_184034_order3,2460,3
20260504_184304_order4,210,5
20260504_184304_order4,240,3
20260504_184304_order4,270,3
20260504_184304_order4,450,5
20260504_184304_order4,480,5
20260504_184304_order4,600,5
20260504_184304_order4,630,5
20260504_184304_order4,660,5
20260504_184304_order4,780,5
20260504_184304_order4,810,5
20260504_184304_order4,1020,5
20260504_184304_order4,1050,5
20260504_184304_order4,1080,3
20260504_184304_order4,1110,5
20260504_184304_order4,1140,0
20260504_184304_order4,1230,5
20260504_184304_order4,1260,5
20260504_184304_order4,1290,5
20260504_184304_order4,1650,5
20260504_184304_order4,1680,2
20260504_184304_order4,1830,5
20260504_184304_order4,1860,5
20260504_184304_order4,1890,2
20260504_184304_order4,1920,5
20260504_184304_order4,1950,5
20260504_184304_order4,2010,5
20260504_184304_order4,2040,5
20260504_184304_order4,2100,5
20260504_184304_order4,2130,5
20260504_184304_order4,2460,5
20260504_184304_order4,2490,5
20260504_184304_order4,2550,5
20260504_184304_order4,2580,5
20260504_184304_order4,3270,2
20260504_184304_order4,3600,5
20260504_184304_order4,3630,5
20260504_184304_order4,3660,5
20260504_184304_order4,3990,5
20260504_184304_order4,4020,5
20260504_184304_order4,4050,3
20260504_184304_order4,4080,5
20260504_184304_order4,4200,5
20260504_184304_order4,4230,5
20260504_184304_order4,4320,5
20260504_184304_order4,4350,5
20260504_184304_order4,4380,5
20260504_184304_order4,4410,5
20260504_184304_order4,4440,5
20260504_184304_order4,4470,5
20260504_184304_order4,4500,5
20260504_184304_order4,4530,5
20260504_184304_order4,4710,5
20260504_184304_order4,4740,5
20260504_184304_order4,4770,5
20260504_184304_order4,4800,5
20260504_184304_order4,4830,5
20260504_184304_order4,4860,2
20260504_184304_order4,4890,5
20260504_184304_order4,4920,3
20260504_184304_order4,4950,3
20260505_190850_order1,0,0
20260505_190850_order1,30,5
20260505_190850_order1,60,3
20260505_190850_order1,90,3
20260505_190850_order1,120,4
20260505_190850_order1,150,4
20260505_190850_order1,180,4
20260505_190850_order1,210,4
20260505_190850_order1,270,0
20260505_190850_order1,300,5
20260505_190850_order1,330,4
20260505_190850_order1,360,4
20260505_190850_order1,390,5
20260505_190850_order1,420,0
20260505_190850_order1,450,5
20260505_190850_order1,480,3
20260505_190850_order1,540,3
20260505_190850_order1,570,3
20260505_190850_order1,600,1
20260505_190850_order1,630,2
20260505_190850_order1,660,0
20260505_190850_order1,810,5
20260505_190850_order1,840,3
20260505_190850_order1,870,1
20260505_190850_order1,1200,1
20260505_190850_order1,1230,1
20260505_190850_order1,1260,3
20260505_190850_order1,1290,0
20260505_190850_order1,1320,5
20260505_190850_order1,1350,5
20260505_190850_order1,1380,5
20260505_190850_order1,1410,3
20260505_190850_order1,1440,4
20260505_190850_order1,1470,4
20260505_190850_order1,1500,0
20260505_190850_order1,1650,5
20260505_190850_order1,1680,5
20260505_190850_order1,1710,4
20260505_190850_order1,1740,4
20260505_190850_order1,1770,4
20260505_190850_order1,1800,3
20260505_190850_order1,1830,5
20260505_190850_order1,1860,5
20260505_190850_order1,1890,1
20260505_190850_order1,1920,4
20260505_190850_order1,1950,4
20260505_190850_order1,1980,1
20260505_190850_order1,2010,0
20260505_190850_order1,2190,5
20260505_190850_order1,2220,5
20260505_190850_order1,2250,5
20260505_190850_order1,2310,4
20260505_190850_order1,2340,4
20260505_190850_order1,2370,4
20260505_190850_order1,2400,5
20260505_190850_order1,2430,3
20260505_190850_order1,2460,3
20260505_190850_order1,2490,1
20260505_190850_order1,2520,1
20260505_190850_order1,2550,0
20260505_190850_order1,2580,0
20260505_190850_order1,2610,5
20260505_190850_order1,2640,5
20260505_190850_order1,2670,3
20260505_190850_order1,2700,4
20260505_190850_order1,2730,4
20260505_190850_order1,2760,4
20260505_190850_order1,2790,4
20260505_190850_order1,2850,4
20260505_190850_order1,2880,4
20260505_190850_order1,2940,5
20260505_190850_order1,2970,4
20260505_190850_order1,3000,5
20260505_190850_order1,3030,5
20260505_190850_order1,3060,5
20260505_190850_order1,3090,5
20260505_190850_order1,3120,4
20260505_190850_order1,3150,4
20260505_190850_order1,3180,4
20260505_190850_order1,3210,4
20260505_190850_order1,3240,4
20260505_190850_order1,3270,5
20260505_190850_order1,3480,5
20260505_190850_order1,3510,5
20260505_190850_order1,3540,5
20260505_190850_order1,3570,5
20260505_190850_order1,3600,5
20260505_190850_order1,3630,5
20260505_191548_order2,0,0
20260505_191548_order2,30,2
20260505_191548_order2,60,2
20260505_191548_order2,90,3
20260505_191548_order2,120,2
20260505_191548_order2,150,0
20260505_191548_order2,180,5
20260505_191548_order2,210,2
20260505_191548_order2,240,2
20260505_191548_order2,270,3
20260505_191548_order2,300,0
20260505_191548_order2,330,5
20260505_191548_order2,360,3
20260505_191548_order2,390,5
20260505_191548_order2,420,5
20260505_191548_order2,450,5
20260505_191548_order2,480,5
20260505_191548_order2,510,3
20260505_191548_order2,540,5
20260505_191548_order2,600,5
20260505_191548_order2,630,5
20260505_191548_order2,660,5
20260505_191548_order2,690,5
20260505_191548_order2,720,5
20260505_191548_order2,750,5
20260505_191548_order2,780,5
20260505_191548_order2,810,4
20260505_191548_order2,840,4
20260505_191548_order2,870,4
20260505_191548_order2,900,5
20260505_191548_order2,930,5
20260505_191548_order2,960,5
20260505_191548_order2,990,5
20260505_191548_order2,1050,5
20260505_191548_order2,1080,4
20260505_191548_order2,1110,4
20260505_191548_order2,1140,4
20260505_191548_order2,1170,5
20260505_191548_order2,1200,5
20260505_191548_order2,1230,5
20260505_191548_order2,1260,5
20260505_191548_order2,1290,5
20260505_191548_order2,1320,0
20260505_191548_order2,1350,5
20260505_191548_order2,1380,3
20260505_191548_order2,1410,2
20260505_191759_order3,0,5
20260505_191759_order3,30,2
20260505_191759_order3,60,2
20260505_191759_order3,90,3
20260505_191759_order3,120,1
20260505_191759_order3,150,1
20260505_191759_order3,180,1
20260505_191759_order3,210,0
20260505_191759_order3,240,0
20260505_191759_order3,270,1
20260505_191759_order3,300,1
20260505_191759_order3,330,0
20260505_191759_order3,360,5
20260505_191759_order3,390,5
20260505_191759_order3,420,5
20260505_191759_order3,450,4
20260505_191759_order3,480,5
20260505_191759_order3,510,5
20260505_191759_order3,540,4
20260505_191759_order3,570,4
20260505_191759_order3,600,5
20260505_191759_order3,630,5
20260505_191759_order3,660,4
20260505_191759_order3,690,5
20260505_191759_order3,720,5
20260505_191759_order3,750,5
20260505_191759_order3,780,5
20260505_191759_order3,810,5
20260505_191759_order3,840,5
20260505_191759_order3,870,5
20260505_191759_order3,900,5
20260505_191759_order3,1050,4
20260505_191759_order3,1080,4
20260505_191759_order3,1110,4
20260505_191759_order3,1140,3
20260505_192656_order4,0,5
20260505_192656_order4,30,3
20260505_192656_order4,60,0
20260505_192656_order4,90,0
20260505_192656_order4,120,5
20260505_192656_order4,180,5
20260505_192656_order4,210,5
20260505_192656_order4,240,5
20260505_192656_order4,270,5
20260505_192656_order4,300,5
20260505_192656_order4,330,5
20260505_192656_order4,360,5
20260505_192656_order4,390,5
20260505_192656_order4,420,5
20260505_192656_order4,450,5
20260505_192656_order4,480,5
20260505_192656_order4,510,5
20260505_192656_order4,540,4
20260505_192656_order4,570,4
20260505_192656_order4,600,4
20260505_192656_order4,630,5
20260505_192656_order4,660,5
20260505_192656_order4,690,5
20260505_192656_order4,720,5
20260505_192656_order4,840,4
20260505_192656_order4,870,4
20260505_192656_order4,900,5
20260505_192656_order4,930,2
20260505_192656_order4,960,5
20260505_192656_order4,990,5
20260505_192656_order4,1020,5
20260505_192656_order4,1050,5
20260505_192656_order4,1080,4
20260505_192656_order4,1110,4
20260505_192656_order4,1140,3
20260505_192656_order4,1170,4
20260505_192656_order4,1200,4
20260505_192656_order4,1230,4
20260505_192656_order4,1260,4
20260505_192656_order4,1290,4
20260505_192656_order4,1320,4
20260505_192656_order4,1380,4
20260505_192656_order4,1410,4
20260505_192656_order4,1440,4
20260505_192656_order4,1470,4
20260505_192656_order4,1500,4
20260505_192656_order4,1530,5
20260505_192656_order4,1560,3
20260505_192656_order4,1590,4
20260505_192656_order4,1620,4
20260505_192656_order4,1650,4
20260505_192656_order4,1740,5
20260505_192656_order4,1770,5
20260505_192656_order4,1860,5
20260505_192656_order4,1890,5
20260505_192656_order4,1920,5
20260505_192656_order4,1950,5
20260505_192656_order4,2040,5
20260505_192656_order4,2070,5
20260505_192656_order4,2100,5
20260505_192656_order4,2130,5
20260505_192656_order4,2160,5
20260505_192656_order4,2190,5
20260505_192656_order4,2250,4
20260505_192656_order4,2280,5
20260505_192656_order4,2310,5
20260505_192656_order4,2340,5
20260505_192656_order4,2370,5
20260505_192656_order4,2400,5
20260505_192656_order4,2430,5
20260505_192656_order4,2460,5
20260505_192656_order4,2490,5
20260505_192656_order4,2520,4
20260505_192656_order4,2550,4
20260505_192656_order4,2580,4
20260505_192656_order4,2610,4
20260505_192656_order4,2640,4
20260505_192656_order4,2670,4
20260505_192656_order4,2700,4
20260505_192656_order4,2730,4
20260505_192656_order4,2760,5
20260505_192656_order4,2790,5
20260505_192656_order4,2880,0
20260505_192656_order4,2910,5
20260505_192656_order4,2940,5
20260505_192656_order4,2970,5
20260505_192656_order4,3000,5
20260505_192656_order4,3030,2
20260505_192656_order4,3060,2
20260505_192656_order4,3090,2
20260505_192656_order4,3120,2
20260505_192656_order4,3150,2
20260505_192656_order4,3180,3
20260505_192656_order4,3210,3
20260505_192656_order4,3240,0
20260505_192656_order4,3270,0
20260505_192656_order4,3300,3
20260505_192656_order4,3330,5
20260505_192656_order4,3360,5
20260505_192656_order4,3390,5
20260505_192656_order4,3420,5
20260505_192656_order4,3450,3
20260505_192656_order4,3480,5
20260505_192656_order4,3510,5
20260505_192656_order4,3540,5
20260505_192656_order4,3690,5
20260505_192656_order4,3720,4
20260505_192656_order4,3750,4
20260505_192656_order4,3780,4
20260505_192656_order4,4020,5
20260505_192656_order4,4050,5
20260505_192656_order4,4080,3
20260505_192656_order4,4110,5
20260505_192656_order4,4140,5
20260505_192656_order4,4170,5
20260505_192656_order4,4200,5
20260505_192656_order4,4590,4
20260505_192656_order4,4620,4
20260505_192656_order4,4650,4
20260505_192656_order4,4680,5
20260505_192656_order4,4710,5
20260507_134304_order1,0,0
20260507_134304_order1,30,1
20260507_134304_order1,60,0
20260507_134304_order1,90,2
20260507_134304_order1,570,2
20260507_134304_order1,600,0
20260507_134304_order1,630,2
20260507_134304_order1,660,2
20260507_134304_order1,690,2
20260507_134304_order1,720,2
20260507_134304_order1,750,1
20260507_134304_order1,780,0
20260507_134304_order1,930,2
20260507_134304_order1,960,3
20260507_134304_order1,1200,4
20260507_134304_order1,1230,4
20260507_134304_order1,1260,5
20260507_134304_order1,1290,5
20260507_134304_order1,1320,4
20260507_134304_order1,1350,4
20260507_134304_order1,1380,4
20260507_134304_order1,1410,3
20260507_134304_order1,1440,4
20260507_134304_order1,1470,4
20260507_134304_order1,1500,3
20260507_134304_order1,1800,4
20260507_134304_order1,1830,4
20260507_134304_order1,1860,4
20260507_134304_order1,1890,4
20260507_134304_order1,1920,4
20260507_134304_order1,2460,4
20260507_134304_order1,2490,4
20260507_134304_order1,2520,4
20260507_134304_order1,2550,4
20260507_134304_order1,2580,2
20260507_134304_order1,2610,2
20260507_134304_order1,2640,4
20260507_134304_order1,2670,2
20260507_134304_order1,2700,2
20260507_134304_order1,2820,4
20260507_134304_order1,2850,4
20260507_134304_order1,3390,4
20260507_134304_order1,3420,4
20260507_134304_order1,3450,4
20260507_134304_order1,3480,4
20260507_134304_order1,3510,2
20260507_134304_order1,3540,4
20260507_134304_order1,3570,4
20260507_134304_order1,4230,2
20260507_134304_order1,4260,4
20260507_134304_order1,4290,2
20260507_134304_order1,4320,0
20260507_135022_order2,420,2
20260507_135022_order2,450,0
20260507_135022_order2,840,4
20260507_135022_order2,870,4
20260507_135022_order2,900,2
20260507_135022_order2,930,3
20260507_135022_order2,990,4
20260507_135022_order2,1020,3
20260507_135244_order3,240,2
20260507_135244_order3,270,2
20260507_135244_order3,420,2
20260507_135244_order3,450,2
20260507_135244_order3,540,4
20260507_135244_order3,570,5
20260507_135244_order3,600,4
20260507_135244_order3,630,4
20260507_135244_order3,660,4
20260507_135244_order3,690,4
20260507_135244_order3,720,3
20260507_135359_order4,360,3
20260507_135359_order4,390,2
20260507_135359_order4,420,2
20260507_135359_order4,450,4
20260507_135359_order4,630,0
20260507_135359_order4,660,4
20260507_135359_order4,690,4
20260507_135359_order4,720,4
20260507_135359_order4,750,3
20260507_135359_order4,840,0
20260507_135359_order4,870,0
20260507_135359_order4,900,4
20260507_135359_order4,930,2
20260507_135359_order4,960,2
20260507_135359_order4,1050,4
20260507_135359_order4,1080,4
20260507_135359_order4,1110,4
20260507_135359_order4,1140,2
20260507_135359_order4,1170,2
20260507_135359_order4,1200,3
20260507_135359_order4,1230,3
20260507_135359_order4,1290,0
20260507_135359_order4,1320,4
20260507_135359_order4,1350,3
20260507_135359_order4,1470,0
20260507_135359_order4,1500,3
20260507_135359_order4,1530,3
20260507_141202_order1,0,2
20260507_141202_order1,30,2
20260507_141202_order1,150,2
20260507_141202_order1,180,2
20260507_141202_order1,210,5
20260507_141202_order1,240,5
20260507_141202_order1,360,4
20260507_141202_order1,390,5
20260507_141202_order1,420,5
20260507_141202_order1,450,5
20260507_141202_order1,480,5
20260507_141202_order1,510,3
20260507_141202_order1,540,2
20260507_141202_order1,570,2
20260507_141202_order1,600,5
20260507_141202_order1,630,2
20260507_141202_order1,660,3
20260507_141202_order1,690,2
20260507_141202_order1,720,2
20260507_141202_order1,750,4
20260507_141202_order1,780,4
20260507_141202_order1,810,0
20260507_141202_order1,840,2
20260507_141202_order1,870,2
20260507_141202_order1,900,5
20260507_141202_order1,930,5
20260507_141202_order1,960,5
20260507_141202_order1,990,5
20260507_141202_order1,1020,5
20260507_141202_order1,1050,5
20260507_141202_order1,1080,2
20260507_141202_order1,1110,5
20260507_141202_order1,1140,5
20260507_141202_order1,1170,5
20260507_141202_order1,1200,5
20260507_141202_order1,1230,5
20260507_141202_order1,1260,5
20260507_141202_order1,1290,5
20260507_141202_order1,1320,5
20260507_141202_order1,1350,5
20260507_141202_order1,1380,5
20260507_141202_order1,1410,5
20260507_141202_order1,1440,4
20260507_141202_order1,1500,2
20260507_141202_order1,1530,5
20260507_141202_order1,1560,5
20260507_141202_order1,1590,2
20260507_141202_order1,1620,2
20260507_141202_order1,1650,2
20260507_141202_order1,1680,4
20260507_141202_order1,1770,4
20260507_141202_order1,1800,2
20260507_141202_order1,1830,2
20260507_141202_order1,1860,2
20260507_141202_order1,1890,2
20260507_141202_order1,1920,4
20260507_141202_order1,1950,4
20260507_141202_order1,1980,4
20260507_141202_order1,2010,4
20260507_141202_order1,2040,2
20260507_141202_order1,2070,2
20260507_141202_order1,2100,2
20260507_141202_order1,2130,5
20260507_141202_order1,2160,5
20260507_141202_order1,2190,5
20260507_141202_order1,2250,5
20260507_141202_order1,2280,5
20260507_141202_order1,2340,5
20260507_141202_order1,2370,2
20260507_141202_order1,2400,2
20260507_141202_order1,2430,2
20260507_141202_order1,2460,2
20260507_141202_order1,2490,2
20260507_141202_order1,2520,5
20260507_141202_order1,2550,5
20260507_141202_order1,2580,4
20260507_141202_order1,2610,2
20260507_141202_order1,2640,2
20260507_141202_order1,2670,5
20260507_141202_order1,2700,5
20260507_141202_order1,2730,4
20260507_141202_order1,2760,2
20260507_141202_order1,2790,2
20260507_141202_order1,2820,5
20260507_141202_order1,2850,3
20260507_141202_order1,2880,5
20260507_141202_order1,2940,5
20260507_141202_order1,2970,4
20260507_141202_order1,3000,5
20260507_141202_order1,3030,5
20260507_141202_order1,3120,5
20260507_141202_order1,3150,5
20260507_141202_order1,3180,5
20260507_141202_order1,3210,5
20260507_141202_order1,3420,5
20260507_141202_order1,3450,5
20260507_141202_order1,3480,5
20260507_141202_order1,3510,5
20260507_141202_order1,3540,5
20260507_141202_order1,3570,5
20260507_141202_order1,3600,5
20260507_141202_order1,3630,5
20260507_141202_order1,3660,5
20260507_141202_order1,3690,5
20260507_141202_order1,3720,5
20260507_141202_order1,3750,5
20260507_142235_order2,0,4
20260507_142235_order2,30,3
20260507_142235_order2,60,2
20260507_142235_order2,90,1
20260507_142235_order2,120,0
20260507_142235_order2,150,5
20260507_142235_order2,180,3
20260507_142235_order2,210,3
20260507_142235_order2,240,1
20260507_142235_order2,270,2
20260507_142235_order2,300,2
20260507_142235_order2,330,2
20260507_142235_order2,390,2
20260507_142235_order2,420,2
20260507_142235_order2,450,2
20260507_142235_order2,480,2
20260507_142235_order2,510,2
20260507_142235_order2,540,5
20260507_142235_order2,570,5
20260507_142235_order2,600,2
20260507_142235_order2,630,2
20260507_142235_order2,660,5
20260507_142235_order2,690,2
20260507_142235_order2,720,2
20260507_142235_order2,750,2
20260507_142235_order2,780,2
20260507_142235_order2,810,2
20260507_142235_order2,840,2
20260507_142235_order2,870,2
20260507_142235_order2,900,2
20260507_142235_order2,930,2
20260507_142235_order2,960,2
20260507_142235_order2,990,2
20260507_142235_order2,1020,2
20260507_142235_order2,1050,2
20260507_142235_order2,1080,2
20260507_142235_order2,1110,2
20260507_142235_order2,1140,2
20260507_142235_order2,1170,2
20260507_142235_order2,1200,2
20260507_142235_order2,1230,2
20260507_142235_order2,1260,2
20260507_142235_order2,1290,2
20260507_142235_order2,1320,2
20260507_142235_order2,1350,2
20260507_142235_order2,1380,2
20260507_142235_order2,1410,2
20260507_142235_order2,1500,2
20260507_142235_order2,1530,2
20260507_142235_order2,1560,5
20260507_142235_order2,1680,2
20260507_142235_order2,1710,2
20260507_142235_order2,1740,2
20260507_142235_order2,1770,2
20260507_142235_order2,1800,2
20260507_142235_order2,1830,5
20260507_142235_order2,1860,5
20260507_142235_order2,1890,5
20260507_142235_order2,2130,5
20260507_142235_order2,2160,2
20260507_142235_order2,2190,5
20260507_142235_order2,2220,4
20260507_142235_order2,2250,4
20260507_142235_order2,2280,4
20260507_142235_order2,2310,5
20260507_142235_order2,2340,5
20260507_142235_order2,2370,5
20260507_142235_order2,2400,5
20260507_142235_order2,2430,5
20260507_142235_order2,2460,2
20260507_142235_order2,2490,5
20260507_142235_order2,2520,5
20260507_142235_order2,2550,5
20260507_142235_order2,2580,5
20260507_142235_order2,2610,5
20260507_142235_order2,2640,4
20260507_142235_order2,2670,5
20260507_142235_order2,2700,5
20260507_142235_order2,2730,2
20260507_142235_order2,2760,2
20260507_142235_order2,2790,2
20260507_142235_order2,2820,5
20260507_142235_order2,2970,5
20260507_142235_order2,3000,5
20260507_142235_order2,3030,5
20260507_142235_order2,3060,5
20260507_142235_order2,3120,5
20260507_142235_order2,3150,5
20260507_142235_order2,3180,5
20260507_142235_order2,3210,2
20260507_142235_order2,3240,5
20260507_142235_order2,3270,5
20260507_142235_order2,3300,5
20260507_142235_order2,3330,5
20260507_142235_order2,3360,5
20260507_142235_order2,3390,5
20260507_142235_order2,3420,5
20260507_142235_order2,3450,2
20260507_142235_order2,3480,2
20260507_142235_order2,3510,2
20260507_142235_order2,3660,5
20260507_142235_order2,3690,5
20260507_142235_order2,3720,2
20260507_142235_order2,3750,2
20260507_142235_order2,3780,2
20260507_142235_order2,3810,5
20260507_142235_order2,3840,5
20260507_142235_order2,3930,2
20260507_142235_order2,3960,2
20260507_142235_order2,3990,2
20260507_142235_order2,4020,2
20260507_143033_order3,0,2
20260507_143033_order3,30,5
20260507_143033_order3,90,2
20260507_143033_order3,120,2
20260507_143033_order3,150,2
20260507_143033_order3,180,2
20260507_143033_order3,390,2
20260507_143033_order3,420,5
20260507_143033_order3,450,5
20260507_143033_order3,480,2
20260507_143033_order3,510,2
20260507_143033_order3,540,2
20260507_143033_order3,570,2
20260507_143033_order3,600,2
20260507_143033_order3,630,2
20260507_143033_order3,660,2
20260507_143033_order3,690,2
20260507_143033_order3,720,2
20260507_143033_order3,750,2
20260507_143033_order3,780,2
20260507_143033_order3,810,2
20260507_143033_order3,900,5
20260507_143033_order3,930,5
20260507_143033_order3,960,5
20260507_143033_order3,990,5
20260507_143033_order3,1020,5
20260507_143033_order3,1050,5
20260507_143033_order3,1110,5
20260507_143033_order3,1140,5
20260507_143033_order3,1230,3
20260507_143033_order3,1260,4
20260507_143033_order3,1350,4
20260507_143033_order3,1380,5
20260507_143033_order3,1410,5
20260507_143033_order3,1440,5
20260507_143033_order3,1470,5
20260507_143033_order3,1500,5
20260507_143033_order3,1530,5
20260507_143033_order3,1560,5
20260507_143033_order3,1590,5
20260507_143033_order3,1710,5
20260507_143033_order3,1740,5
20260507_143033_order3,1770,2
20260507_143033_order3,1800,2
20260507_143033_order3,1830,5
20260507_143033_order3,1860,5
20260507_143033_order3,1920,5
20260507_143033_order3,1950,5
20260507_143033_order3,1980,4
20260507_143033_order3,2040,2
20260507_143033_order3,2070,5
20260507_143033_order3,2100,5
20260507_143033_order3,2130,2
20260507_143033_order3,2160,2
20260507_143033_order3,2190,3
20260507_143033_order3,2220,5
20260507_143033_order3,2250,5
20260507_143033_order3,2280,5
20260507_143033_order3,2310,5
20260507_143033_order3,2340,5
20260507_143033_order3,2370,5
20260507_143033_order3,2400,5
20260507_143033_order3,2430,5
20260507_143033_order3,2460,5
20260507_143033_order3,2490,4
20260507_143033_order3,2520,4
20260507_143033_order3,2550,1
20260507_143033_order3,2580,1
20260507_143033_order3,2610,1
20260507_143033_order3,2640,1
20260507_143033_order3,2670,1
20260507_143033_order3,2700,1
20260507_143033_order3,2730,1
20260507_143033_order3,2760,1
20260507_143033_order3,2790,1
20260507_143033_order3,2820,0
20260507_143033_order3,2850,0
20260507_143033_order3,2880,2
20260507_143033_order3,2910,2
20260507_143033_order3,2940,2
20260507_143033_order3,2970,2
20260507_143033_order3,3000,2
20260507_143033_order3,3030,5
20260507_143033_order3,3060,5
20260507_143033_order3,3090,2
20260507_143033_order3,3120,2
20260507_143033_order3,3150,2
20260507_143033_order3,3180,2
20260507_143033_order3,3210,2
20260507_143033_order3,3240,2
20260507_143033_order3,3270,2
20260507_143033_order3,3300,2
20260507_143033_order3,3330,2
20260507_143033_order3,3360,2
20260507_143033_order3,3390,2
20260507_143033_order3,3420,2
20260507_143033_order3,3450,2
20260507_143033_order3,3480,2
20260507_143033_order3,3510,2
20260507_143033_order3,3540,2
20260507_143033_order3,3570,2
20260507_143033_order3,3600,2
20260507_143033_order3,3630,2
20260507_143033_order3,3660,2
20260507_143033_order3,3690,2
20260507_143033_order3,3720,2
20260507_143033_order3,3750,2
20260507_143033_order3,3780,2
20260507_143033_order3,3810,2
20260507_143033_order3,3840,2
20260507_143033_order3,3870,2
20260507_143033_order3,3900,2
20260507_143033_order3,3930,2
20260507_143033_order3,3960,2
20260507_143033_order3,3990,2
20260507_143033_order3,4020,2
20260507_143033_order3,4050,2
20260507_143442_order4,0,2
20260507_143442_order4,30,2
20260507_143442_order4,60,2
20260507_143442_order4,90,2
20260507_143442_order4,120,2
20260507_143442_order4,150,2
20260507_143442_order4,180,2
20260507_143442_order4,210,2
20260507_143442_order4,240,2
20260507_143442_order4,270,2
20260507_143442_order4,300,2
20260507_143442_order4,330,2
20260507_143442_order4,360,2
20260507_143442_order4,390,2
20260507_143442_order4,420,2
20260507_143442_order4,450,2
20260507_143442_order4,480,2
20260507_143442_order4,510,2
20260507_143442_order4,540,2
20260507_143442_order4,570,2
20260507_143442_order4,600,2
20260507_143442_order4,630,2
20260507_143442_order4,660,2
20260507_143442_order4,690,2
20260507_143442_order4,720,2
20260507_143442_order4,750,2
20260507_143442_order4,780,5
20260507_143442_order4,810,5
20260507_143442_order4,840,2
20260507_143442_order4,870,2
20260507_143442_order4,900,2
20260507_143442_order4,930,5
20260507_143442_order4,960,5
20260507_143442_order4,990,5
20260507_143442_order4,1020,2
20260507_143442_order4,1050,2
20260507_151153_order1,0,0
20260507_151153_order1,30,0
20260507_151153_order1,60,4
20260507_151153_order1,90,3
20260507_151153_order1,120,1
20260507_151153_order1,150,0
20260507_151153_order1,180,2
20260507_151153_order1,210,4
20260507_151153_order1,240,3
20260507_151153_order1,270,1
20260507_151153_order1,300,1
20260507_151153_order1,330,1
20260507_151153_order1,360,1
20260507_151153_order1,480,4
20260507_151153_order1,510,4
20260507_151153_order1,540,3
20260507_151153_order1,570,3
20260507_151153_order1,630,0
20260507_151153_order1,660,5
20260507_151153_order1,690,3
20260507_151153_order1,720,4
20260507_151153_order1,750,4
20260507_151153_order1,780,4
20260507_151153_order1,900,4
20260507_151153_order1,930,4
20260507_151153_order1,960,4
20260507_151153_order1,990,4
20260507_151153_order1,1050,4
20260507_151153_order1,1080,4
20260507_151153_order1,1140,4
20260507_151153_order1,1170,4
20260507_151153_order1,1200,0
20260507_151153_order1,1230,4
20260507_151153_order1,1260,3
20260507_151153_order1,1290,4
20260507_151153_order1,1320,4
20260507_151153_order1,1350,4
20260507_151153_order1,1380,4
20260507_151153_order1,1410,4
20260507_151153_order1,1440,4
20260507_151153_order1,1470,4
20260507_151153_order1,1500,2
20260507_151153_order1,1530,4
20260507_151153_order1,1560,4
20260507_151153_order1,1590,4
20260507_151153_order1,1620,4
20260507_151153_order1,1650,4
20260507_151733_order2,0,0
20260507_151733_order2,30,1
20260507_151733_order2,60,1
20260507_151733_order2,90,0
20260507_151733_order2,120,2
20260507_151733_order2,150,2
20260507_151733_order2,240,4
20260507_151733_order2,270,3
20260507_151733_order2,300,3
20260507_151733_order2,330,1
20260507_151733_order2,360,4
20260507_151733_order2,390,4
20260507_151733_order2,420,1
20260507_151733_order2,450,3
20260507_151733_order2,480,1
20260507_151733_order2,510,1
20260507_151733_order2,750,1
20260507_151733_order2,780,1
20260507_151733_order2,810,1
20260507_151733_order2,870,4
20260507_151733_order2,900,3
20260507_151733_order2,1020,3
20260507_151733_order2,1050,1
20260507_151733_order2,1110,3
20260507_151733_order2,1140,4
20260507_151733_order2,1200,4
20260507_151733_order2,1230,4
20260507_151733_order2,1260,4
20260507_151733_order2,1290,4
20260507_151733_order2,1320,4
20260507_151733_order2,1350,4
20260507_151733_order2,1380,4
20260507_151733_order2,1410,4
20260507_151733_order2,1470,4
20260507_151733_order2,1500,4
20260507_151733_order2,1530,4
20260507_151733_order2,1560,4
20260507_151733_order2,1590,4
20260507_151733_order2,1620,4
20260507_151733_order2,1770,0
20260507_151733_order2,1800,0
20260507_151733_order2,1830,4
20260507_151733_order2,1860,4
20260507_151733_order2,1980,4
20260507_151733_order2,2010,0
20260507_151733_order2,2040,4
20260507_151733_order2,2070,4
20260507_151733_order2,2100,4
20260507_151733_order2,2130,4
20260507_151733_order2,2160,4
20260507_151733_order2,2190,4
20260507_151733_order2,2220,4
20260507_151733_order2,2250,4
20260507_151733_order2,2280,4
20260507_151733_order2,2310,4
20260507_151733_order2,2340,4
20260507_151733_order2,2370,4
20260507_151733_order2,2400,4
20260507_151733_order2,2490,4
20260507_151733_order2,2520,4
20260507_151733_order2,2730,4
20260507_151733_order2,2760,4
20260507_151733_order2,2790,4
20260507_151733_order2,2820,4
20260507_151733_order2,2850,4
20260507_151733_order2,2880,4
20260507_151733_order2,2910,4
20260507_151733_order2,2940,4
20260507_151733_order2,2970,4
20260507_151733_order2,3000,4
20260507_151733_order2,3030,4
20260507_151733_order2,3060,4
20260507_152058_order3,120,4
20260507_152058_order3,150,4
20260507_152058_order3,180,4
20260507_152058_order3,210,4
20260507_152058_order3,240,4
20260507_152058_order3,270,4
20260507_152058_order3,300,4
20260507_152058_order3,330,4
20260507_152058_order3,360,3
20260507_152058_order3,390,4
20260507_152058_order3,420,4
20260507_152058_order3,450,4
20260507_152058_order3,480,4
20260507_152058_order3,510,4
20260507_152058_order3,540,5
20260507_152058_order3,570,2
20260507_152058_order3,600,2
20260507_152058_order3,630,2
20260507_152058_order3,660,2
20260507_152058_order3,690,4
20260507_152058_order3,720,4
20260507_152058_order3,750,4
20260507_152058_order3,780,4
20260507_152058_order3,810,4
20260507_152058_order3,840,4
20260507_152058_order3,870,4
20260507_152058_order3,900,4
20260507_152058_order3,930,4
20260507_152058_order3,960,4
20260507_152058_order3,990,4
20260507_152058_order3,1020,4
20260507_152058_order3,1050,4
20260507_152058_order3,1080,4
20260507_152058_order3,1110,4
20260507_152058_order3,1140,4
20260507_152058_order3,1170,4
20260507_152058_order3,1200,4
20260507_152058_order3,1230,4
20260507_152058_order3,1260,4
20260507_152058_order3,1290,4
20260507_152058_order3,1320,4
20260507_152058_order3,1350,4
20260507_152058_order3,1380,4
20260507_152058_order3,1410,4
20260507_152058_order3,1440,4
20260507_152058_order3,1470,3
20260507_152058_order3,1500,4
20260507_152058_order3,1530,4
20260507_152058_order3,1560,4
20260507_152058_order3,1590,4
20260507_152058_order3,1620,4
20260507_152058_order3,1650,4
20260507_152317_order4,90,4
20260507_152317_order4,120,4
20260507_152317_order4,150,4
20260507_152317_order4,180,4
20260507_152317_order4,240,4
20260507_152317_order4,270,4
20260507_152317_order4,360,4
20260507_152317_order4,390,4
20260507_152317_order4,420,4
20260507_152317_order4,450,4
20260507_152317_order4,480,4
20260507_152317_order4,510,3
20260507_152317_order4,660,4
20260507_152317_order4,690,4
20260507_152317_order4,720,4
20260507_152317_order4,750,4
20260507_152317_order4,780,4
20260507_152317_order4,870,4
20260507_152317_order4,900,4
20260507_152317_order4,930,4
20260507_152317_order4,960,4
20260507_152317_order4,990,4
20260507_152317_order4,1020,4
20260507_152317_order4,1050,4
20260507_152317_order4,1080,4
20260507_152317_order4,1110,4
20260507_152317_order4,1140,4
20260507_152317_order4,1170,4
20260507_152317_order4,1200,4
20260507_152317_order4,1290,4
20260507_152317_order4,1320,4
20260507_152317_order4,1350,4
20260507_152317_order4,1380,4
20260507_152317_order4,1410,4
20260507_152317_order4,1440,1
20260507_152317_order4,1470,1
20260507_152317_order4,1500,1
20260507_152317_order4,1530,0
20260507_152317_order4,1560,4
20260507_152317_order4,1590,4
20260507_152317_order4,1620,4
20260507_152317_order4,1650,4
20260507_152317_order4,1680,4
20260507_152317_order4,1710,5
20260507_152317_order4,1740,4
20260507_152317_order4,1770,4
20260507_152317_order4,1800,4
20260507_152317_order4,1830,4
20260507_152317_order4,1860,4
20260507_152317_order4,1890,4
20260507_152317_order4,1920,4
20260507_152317_order4,1950,4
20260507_152317_order4,1980,4
20260507_152317_order4,2010,4
20260507_152317_order4,2040,3
20260507_152317_order4,2070,1
20260507_152317_order4,2100,0
20260507_152317_order4,2130,0
20260507_154437_order1,0,5
20260507_154437_order1,30,5
20260507_154437_order1,60,4
20260507_154437_order1,90,2
20260507_154437_order1,120,2
20260507_154437_order1,150,2
20260507_154437_order1,180,2
20260507_154437_order1,210,0
20260507_154437_order1,240,5
20260507_154437_order1,270,3
20260507_154437_order1,300,5
20260507_154437_order1,330,5
20260507_154437_order1,360,5
20260507_154437_order1,390,4
20260507_154437_order1,420,3
20260507_154437_order1,450,5
20260507_154437_order1,480,5
20260507_154437_order1,510,5
20260507_154437_order1,540,5
20260507_154437_order1,570,3
20260507_154437_order1,600,5
20260507_154437_order1,630,5
20260507_154437_order1,660,3
20260507_154437_order1,690,3
20260507_154437_order1,720,0
20260507_154437_order1,750,5
20260507_154437_order1,780,5
20260507_154437_order1,810,5
20260507_154437_order1,840,5
20260507_154437_order1,870,5
20260507_154437_order1,900,5
20260507_154437_order1,930,5
20260507_154437_order1,960,5
20260507_154437_order1,990,5
20260507_154437_order1,1020,0
20260507_154437_order1,1050,5
20260507_154437_order1,1080,5
20260507_154437_order1,1110,5
20260507_154437_order1,1140,5
20260507_154437_order1,1170,3
20260507_154437_order1,1200,0
20260507_154437_order1,1230,5
20260507_154437_order1,1260,3
20260507_154437_order1,1290,3
20260507_154437_order1,1320,5
20260507_154437_order1,1350,3
20260507_154437_order1,1380,3
20260507_154803_order2,0,4
20260507_154803_order2,30,0
20260507_154803_order2,150,4
20260507_154803_order2,180,4
20260507_154803_order2,210,3
20260507_154803_order2,240,5
20260507_154803_order2,270,3
20260507_154803_order2,300,3
20260507_154803_order2,330,0
20260507_154803_order2,360,3
20260507_154803_order2,390,0
20260507_154803_order2,420,3
20260507_154803_order2,450,0
20260507_154803_order2,480,0
20260507_154803_order2,510,5
20260507_154803_order2,540,3
20260507_154803_order2,570,3
20260507_154803_order2,600,4
20260507_154803_order2,630,4
20260507_154803_order2,660,4
20260507_154803_order2,690,4
20260507_154803_order2,720,0
20260507_154803_order2,750,0
20260507_154803_order2,780,3
20260507_154803_order2,810,0
20260507_154803_order2,840,3
20260507_154803_order2,870,3
20260507_154803_order2,900,1
20260507_154803_order2,930,0
20260507_154803_order2,960,2
20260507_154803_order2,990,0
20260507_154803_order2,1020,0
20260507_154803_order2,1050,5
20260507_154803_order2,1080,3
20260507_154803_order2,1110,3
20260507_154803_order2,1140,5
20260507_154803_order2,1170,5
20260507_154803_order2,1200,3
20260507_154803_order2,1230,2
20260507_154803_order2,1260,2
20260507_154803_order2,1290,0
20260507_154803_order2,1320,3
20260507_154803_order2,1350,3
20260507_154803_order2,1380,1
20260507_154803_order2,1410,1
20260507_154803_order2,1440,1
20260507_154803_order2,1470,0
20260507_154803_order2,1500,0
20260507_154803_order2,1530,5
20260507_154803_order2,1560,3
20260507_154803_order2,1590,1
20260507_154803_order2,1620,1
20260507_154803_order2,1650,1
20260507_154803_order2,1680,1
20260507_154803_order2,1710,1
20260507_154803_order2,1740,1
20260507_154803_order2,1770,0
20260507_154803_order2,1800,4
20260507_154803_order2,1830,4
20260507_154803_order2,1860,4
20260507_154803_order2,1890,0
20260507_154803_order2,1920,0
20260507_154803_order2,1950,3
20260507_154803_order2,1980,3
20260507_154803_order2,2010,1
20260507_154803_order2,2040,1
20260507_154803_order2,2070,1
20260507_154803_order2,2100,1
20260507_154803_order2,2130,0
20260507_154803_order2,2160,0
20260507_154803_order2,2190,3
20260507_154803_order2,2220,1
20260507_154803_order2,2250,0
20260507_154803_order2,2280,3
20260507_154803_order2,2310,3
20260507_154803_order2,2340,1
20260507_154803_order2,2370,1
20260507_154803_order2,2400,1
20260507_154803_order2,2430,1
20260507_154803_order2,2460,0
20260507_154803_order2,2490,1
20260507_154803_order2,2520,1
20260507_154803_order2,2550,1
20260507_154803_order2,2580,1
20260507_154803_order2,2610,1
20260507_154803_order2,2640,1
20260507_154803_order2,2670,1
20260507_154803_order2,2700,1
20260507_154803_order2,2730,1
20260507_154803_order2,2760,1
20260507_154803_order2,2790,1
20260507_154803_order2,2820,2
20260507_154803_order2,2850,1
20260507_154803_order2,2880,1
20260507_154803_order2,2910,1
20260507_154803_order2,2940,1
20260507_154803_order2,2970,1
20260507_154803_order2,3000,1
20260507_154803_order2,3030,1
20260507_154803_order2,3060,1
20260507_154803_order2,3090,1
20260507_154803_order2,3150,0
20260507_154803_order2,3180,3
20260507_154803_order2,3210,3
20260507_154803_order2,3240,1
20260507_154803_order2,3270,1
20260507_154803_order2,3300,1
20260507_154803_order2,3330,1
20260507_154803_order2,3360,1
20260507_154803_order2,3390,1
20260507_154803_order2,3420,1
20260507_154803_order2,3450,1
20260507_154803_order2,3480,1
20260507_154803_order2,3510,1
20260507_154803_order2,3540,1
20260507_154803_order2,3570,1
20260507_154803_order2,3600,1
20260507_154803_order2,3630,1
20260507_154803_order2,3660,1
20260507_154803_order2,3690,0
20260507_154803_order2,3720,0
20260507_154803_order2,3750,2
20260507_154803_order2,3780,1
20260507_154803_order2,3810,0
20260507_154803_order2,3840,2
20260507_154803_order2,3870,2
20260507_154803_order2,3900,5
20260507_154803_order2,3930,3
20260507_154803_order2,3960,3
20260507_154803_order2,3990,3
20260507_154803_order2,4020,1
20260507_154803_order2,4050,1
20260507_154803_order2,4080,1
20260507_154803_order2,4110,1
20260507_154803_order2,4140,1
20260507_154803_order2,4170,1
20260507_154803_order2,4200,1
20260507_154803_order2,4230,1
20260507_154803_order2,4260,1
20260507_154803_order2,4290,1
20260507_154803_order2,4320,0
20260507_154803_order2,4350,0
20260507_154803_order2,4380,5
20260507_154803_order2,4410,3
20260507_154803_order2,4440,3
20260507_154803_order2,4470,1
20260507_154803_order2,4500,1
20260507_154803_order2,4530,1
20260507_154803_order2,4560,0
20260507_154803_order2,4590,0
20260507_154803_order2,4620,5
20260507_154803_order2,4650,1
20260507_154803_order2,4680,1
20260507_154803_order2,4710,1
20260507_154803_order2,4740,2
20260507_154803_order2,4770,0
20260507_154803_order2,4800,0
20260507_154803_order2,4830,5
20260507_154803_order2,4860,3
20260507_154803_order2,4890,3
20260507_154803_order2,4920,0
20260507_154803_order2,4950,0
20260507_154803_order2,4980,3
20260507_154803_order2,5010,3
20260507_154803_order2,5040,1
20260507_154803_order2,5070,0
20260507_154803_order2,5100,3
20260507_154803_order2,5130,3
20260507_154803_order2,5160,0
20260507_154803_order2,5190,3
20260507_154803_order2,5220,2
20260507_154803_order2,5250,1
20260507_154803_order2,5280,0
20260507_154803_order2,5310,1
20260507_154803_order2,5340,1
20260507_154803_order2,5370,0
20260507_154803_order2,5400,1
20260507_154803_order2,5430,0
20260507_154803_order2,5460,0
20260507_154803_order2,5490,0
20260507_154803_order2,5520,5
20260507_154803_order2,5550,4
20260507_154803_order2,5580,5
20260507_154803_order2,5610,5
20260507_154803_order2,5640,5
20260507_154803_order2,5670,3
20260507_154803_order2,5700,3
20260507_154803_order2,5730,3
20260507_154803_order2,5760,0
20260507_154803_order2,5790,0
20260507_154803_order2,5820,1
20260507_154803_order2,5850,0
20260507_154803_order2,5880,5
20260507_154803_order2,5910,4
20260507_154803_order2,5940,4
20260507_154803_order2,5970,5
20260507_154803_order2,6000,4
20260507_154803_order2,6030,3
20260507_154803_order2,6090,3
20260507_154803_order2,6120,3
20260507_154803_order2,6150,0
20260507_154803_order2,6180,0
20260507_154803_order2,6210,3
20260507_154803_order2,6240,3
20260507_154803_order2,6270,1
20260507_154803_order2,6300,1
20260507_154803_order2,6330,0
20260507_154803_order2,6360,1
20260507_154803_order2,6420,1
20260507_154803_order2,6450,1
20260507_155406_order3,0,3
20260507_155406_order3,30,0
20260507_155406_order3,60,2
20260507_155406_order3,90,4
20260507_155406_order3,120,3
20260507_155406_order3,150,3
20260507_155406_order3,180,1
20260507_155406_order3,210,1
20260507_155406_order3,240,1
20260507_155406_order3,270,0
20260507_155406_order3,300,0
20260507_155406_order3,330,0
20260507_155406_order3,360,3
20260507_155406_order3,390,3
20260507_155406_order3,420,3
20260507_155406_order3,450,0
20260507_155406_order3,480,5
20260507_155406_order3,510,3
20260507_155406_order3,540,2
20260507_155406_order3,570,0
20260507_155406_order3,600,5
20260507_155406_order3,630,5
20260507_155406_order3,660,5
20260507_155406_order3,690,5
20260507_155406_order3,720,5
20260507_155406_order3,750,3
20260507_155406_order3,780,3
20260507_155406_order3,810,0
20260507_155406_order3,840,4
20260507_155406_order3,870,3
20260507_155406_order3,900,0
20260507_155406_order3,930,5
20260507_155406_order3,960,5
20260507_155406_order3,990,3
20260507_155406_order3,1020,3
20260507_155406_order3,1050,3
20260507_155406_order3,1080,1
20260507_155406_order3,1110,0
20260507_155406_order3,1140,0
20260507_155406_order3,1170,5
20260507_155406_order3,1200,1
20260507_155406_order3,1230,2
20260507_155406_order3,1260,2
20260507_155406_order3,1290,2
20260507_155406_order3,1320,5
20260507_155406_order3,1350,2
20260507_155406_order3,1380,2
20260507_155406_order3,1410,2
20260507_155406_order3,1440,2
20260507_155406_order3,1470,5
20260507_155406_order3,1500,3
20260507_155406_order3,1530,0
20260507_155406_order3,1560,3
20260507_155406_order3,1590,3
20260507_155406_order3,1620,0
20260507_155406_order3,1650,0
20260507_155406_order3,1680,3
20260507_155406_order3,1710,1
20260507_155406_order3,1740,3
20260507_155406_order3,1770,3
20260507_155542_order4,0,2
20260507_155542_order4,30,0
20260507_155542_order4,60,5
20260507_155542_order4,90,5
20260507_155542_order4,120,5
20260507_155542_order4,150,5
20260507_155542_order4,180,5
20260507_155542_order4,210,5
20260507_155542_order4,240,5
20260507_155542_order4,270,5
20260507_155542_order4,300,5
20260507_155542_order4,330,5
20260507_155542_order4,360,5
20260507_155542_order4,390,0
20260507_155542_order4,420,5
20260507_155542_order4,450,5
20260507_155542_order4,480,5
20260507_155542_order4,510,3
20260507_155542_order4,540,5
20260507_155542_order4,570,3
20260507_155542_order4,600,3
20260507_155542_order4,630,0
20260510_112436_order1,30,0
20260510_112436_order1,60,1
20260510_112436_order1,90,1
20260510_112436_order1,120,1
20260510_112436_order1,150,0
20260510_112436_order1,240,1
20260510_112436_order1,270,0
20260510_112436_order1,300,1
20260510_112436_order1,330,1
20260510_112436_order1,360,0
20260510_112436_order1,390,4
20260510_112436_order1,420,3
20260510_112436_order1,450,3
20260510_112436_order1,480,1
20260510_112436_order1,510,1
20260510_112436_order1,540,1
20260510_112436_order1,570,1
20260510_112436_order1,600,1
20260510_112436_order1,930,3
20260510_112436_order1,960,0
20260510_112436_order1,990,0
20260510_112436_order1,1020,1
20260510_112436_order1,1110,0
20260510_112436_order1,1140,5
20260510_112436_order1,1170,5
20260510_112436_order1,1290,1
20260510_112436_order1,1320,0
20260510_112436_order1,1350,1
20260510_112436_order1,1380,1
20260510_112436_order1,1410,0
20260510_112436_order1,1440,3
20260510_112436_order1,1470,0
20260510_112436_order1,1500,0
20260510_112436_order1,1530,1
20260510_112436_order1,1560,3
20260510_112436_order1,1590,3
20260510_112937_order2,0,0
20260510_112937_order2,30,0
20260510_112937_order2,60,0
20260510_112937_order2,90,1
20260510_112937_order2,120,3
20260510_112937_order2,150,1
20260510_112937_order2,180,0
20260510_112937_order2,210,1
20260510_112937_order2,240,1
20260510_112937_order2,270,1
20260510_112937_order2,300,1
20260510_112937_order2,330,0
20260510_112937_order2,360,3
20260510_112937_order2,390,3
20260510_112937_order2,420,1
20260510_112937_order2,450,1
20260510_112937_order2,480,0
20260510_112937_order2,510,1
20260510_112937_order2,540,1
20260510_112937_order2,570,1
20260510_112937_order2,600,0
20260510_112937_order2,630,1
20260510_112937_order2,660,1
20260510_112937_order2,690,1
20260510_112937_order2,720,1
20260510_112937_order2,780,1
20260510_112937_order2,810,1
20260510_112937_order2,840,1
20260510_112937_order2,870,4
20260510_112937_order2,900,1
20260510_112937_order2,930,1
20260510_112937_order2,960,1
20260510_112937_order2,1050,4
20260510_112937_order2,1080,3
20260510_112937_order2,1110,1
20260510_112937_order2,1140,0
20260510_112937_order2,1170,0
20260510_112937_order2,1200,1
20260510_112937_order2,1230,3
20260510_112937_order2,1260,1
20260510_112937_order2,1290,3
20260510_112937_order2,1320,1
20260510_112937_order2,1350,1
20260510_112937_order2,1380,1
20260510_112937_order2,1410,1
20260510_112937_order2,1470,0
20260510_112937_order2,1500,0
20260510_112937_order2,1530,3
20260510_112937_order2,1620,0
20260510_112937_order2,1650,1
20260510_112937_order2,1860,0
20260510_112937_order2,1890,0
20260510_112937_order2,2340,1
20260510_112937_order2,2370,1
20260510_112937_order2,2400,1
20260510_112937_order2,2430,0
20260510_112937_order2,2460,0
20260510_112937_order2,2490,3
20260510_112937_order2,2520,1
20260510_112937_order2,2550,1
20260510_112937_order2,2580,1
20260510_112937_order2,2610,1
20260510_112937_order2,2640,1
20260510_112937_order2,2670,1
20260510_112937_order2,2700,1
20260510_112937_order2,2730,0
20260510_112937_order2,2760,1
20260510_112937_order2,2790,1
20260510_112937_order2,2820,0
20260510_112937_order2,2850,1
20260510_112937_order2,2880,1
20260510_112937_order2,2910,1
20260510_112937_order2,2940,0
20260510_112937_order2,2970,1
20260510_112937_order2,3000,3
20260510_112937_order2,3030,1
20260510_112937_order2,3060,1
20260510_112937_order2,3150,1
20260510_112937_order2,3180,1
20260510_112937_order2,3210,0
20260510_112937_order2,3240,0
20260510_112937_order2,3270,0
20260510_112937_order2,3300,4
20260510_112937_order2,3330,4
20260510_112937_order2,3360,4
20260510_112937_order2,3390,4
20260510_112937_order2,3420,4
20260510_112937_order2,3450,4
20260510_112937_order2,3480,4
20260510_112937_order2,3510,4
20260510_112937_order2,3540,4
20260510_112937_order2,3570,4
20260510_112937_order2,3600,4
20260510_112937_order2,3630,4
20260510_112937_order2,3660,3
20260510_112937_order2,3690,3
20260510_112937_order2,3720,1
20260510_112937_order2,3750,1
20260510_112937_order2,3780,1
20260510_112937_order2,3810,1
20260510_112937_order2,3840,1
20260510_112937_order2,3870,1
20260510_112937_order2,3900,1
20260510_112937_order2,3930,1
20260510_112937_order2,3990,1
20260510_112937_order2,4020,1
20260510_112937_order2,4050,1
20260510_112937_order2,4200,0
20260510_112937_order2,4230,0
20260510_112937_order2,4260,2
20260510_112937_order2,4830,1
20260510_112937_order2,4860,1
20260510_112937_order2,5340,1
20260510_112937_order2,5370,1
20260510_113403_order3,0,0
20260510_113403_order3,30,1
20260510_113403_order3,60,1
20260510_113403_order3,90,0
20260510_113403_order3,120,0
20260510_113403_order3,150,0
20260510_113403_order3,180,3
20260510_113403_order3,210,0
20260510_113403_order3,240,1
20260510_113403_order3,270,0
20260510_113403_order3,300,2
20260510_113403_order3,330,3
20260510_113403_order3,360,1
20260510_113403_order3,390,1
20260510_113403_order3,420,0
20260510_113403_order3,450,0
20260510_113403_order3,480,1
20260510_113403_order3,510,1
20260510_113403_order3,570,1
20260510_113403_order3,600,3
20260510_113403_order3,630,0
20260510_113403_order3,660,0
20260510_113403_order3,690,3
20260510_113403_order3,720,3
20260510_113403_order3,750,1
20260510_113403_order3,780,0
20260510_113403_order3,810,1
20260510_113403_order3,840,1
20260510_113403_order3,870,0
20260510_113403_order3,900,3
20260510_113403_order3,930,1
20260510_113403_order3,960,0
20260510_113403_order3,990,3
20260510_113403_order3,1020,3
20260510_113403_order3,1050,0
20260510_113403_order3,1080,0
20260510_113403_order3,1110,3
20260510_113403_order3,1140,1
20260510_113403_order3,1170,1
20260510_113403_order3,1200,1
20260510_113403_order3,1230,1
20260510_113403_order3,1260,1
20260510_113403_order3,1290,1
20260510_113403_order3,1320,1
20260510_113403_order3,1350,1
20260510_113403_order3,1380,1
20260510_113403_order3,1410,1
20260510_113403_order3,1440,1
20260510_113403_order3,1470,1
20260510_113403_order3,1500,1
20260510_113403_order3,1530,0
20260510_113403_order3,1560,0
20260510_113403_order3,1590,3
20260510_113403_order3,1620,3
20260510_113403_order3,1650,0
20260510_113403_order3,1680,0
20260510_113403_order3,1710,0
20260510_113403_order3,1740,4
20260510_113403_order3,1770,0
20260510_113403_order3,1800,4
20260510_113403_order3,1950,4
20260510_113403_order3,1980,1
20260510_113403_order3,2010,1
20260510_113403_order3,2040,1
20260510_113403_order3,2070,1
20260510_113403_order3,2100,3
20260510_113403_order3,2130,0
20260510_113403_order3,2160,1
20260510_113403_order3,2190,1
20260510_113403_order3,2220,4
20260510_113403_order3,2250,1
20260510_113403_order3,2280,0
20260510_113403_order3,2310,3
20260510_113403_order3,2340,1
20260510_113403_order3,2370,1
20260510_113403_order3,2400,1
20260510_113403_order3,2430,1
20260510_113403_order3,2460,1
20260510_113403_order3,2490,1
20260510_113403_order3,2520,1
20260510_113403_order3,2550,0
20260510_113403_order3,2580,2
20260510_113403_order3,2610,2
20260510_113403_order3,2640,3
20260510_113403_order3,2670,1
20260510_113403_order3,2700,1
20260510_113403_order3,2730,1
20260510_113403_order3,2760,0
20260510_113403_order3,2790,0
20260510_113403_order3,2820,1
20260510_113403_order3,2850,3
20260510_113403_order3,2880,0
20260510_113403_order3,2910,1
20260510_113403_order3,2940,1
20260510_113403_order3,2970,2
20260510_113403_order3,3000,2
20260510_113403_order3,3090,1
20260510_113403_order3,3120,1
20260510_113403_order3,3150,1
20260510_113403_order3,3270,1
20260510_113403_order3,3300,1
20260510_113403_order3,3330,1
20260510_113403_order3,3360,0
20260510_113658_order4,0,0
20260510_113658_order4,30,1
20260510_113658_order4,60,0
20260510_113658_order4,90,0
20260510_113658_order4,120,1
20260510_113658_order4,150,1
20260510_113658_order4,180,0
20260510_113658_order4,210,3
20260510_113658_order4,240,0
20260510_113658_order4,270,0
20260510_113658_order4,300,3
20260510_113658_order4,330,1
20260510_113658_order4,360,1
20260510_113658_order4,390,1
20260510_113658_order4,420,1
20260510_113658_order4,450,1
20260510_113658_order4,480,1
20260510_113658_order4,510,1
20260510_113658_order4,540,1
20260510_113658_order4,570,0
20260510_113658_order4,600,0
20260510_113658_order4,630,3
20260510_113658_order4,660,3
20260510_113658_order4,690,1
20260510_113658_order4,720,1
20260510_113658_order4,750,1
20260510_113658_order4,780,1
20260510_113658_order4,810,1
20260510_113658_order4,840,1
20260510_113658_order4,870,1
20260510_113658_order4,900,1
20260510_113658_order4,930,0
20260510_113658_order4,960,0
20260510_113658_order4,990,1
20260510_113658_order4,1020,1
20260510_113658_order4,1050,1
20260510_113658_order4,1080,1
20260510_113658_order4,1110,1
20260510_113658_order4,1140,1
20260510_113658_order4,1170,1
20260510_113658_order4,1200,1
20260510_113658_order4,1230,1
20260510_113658_order4,1260,1
20260510_113658_order4,1290,1
20260510_113658_order4,1320,1
20260510_113658_order4,1350,1
20260510_113658_order4,1380,1
20260510_113658_order4,1410,0
20260510_113658_order4,1440,0
20260510_113658_order4,1470,1
20260510_113658_order4,1500,1
20260510_113658_order4,1530,1
20260510_113658_order4,1560,3
20260510_113658_order4,1590,0
20260510_113658_order4,1620,0
20260510_113658_order4,1650,3
20260510_113658_order4,1680,1
20260510_113658_order4,1710,1
20260510_113658_order4,1740,1
20260510_113658_order4,1800,1
20260510_113658_order4,1830,1
20260510_113658_order4,1860,1
20260510_113658_order4,1950,3
20260510_113658_order4,1980,1
20260510_113658_order4,2010,1
20260510_113658_order4,2040,1
20260510_113658_order4,2070,1
20260510_113658_order4,2100,1
20260510_113658_order4,2130,1
20260510_113658_order4,2160,1
20260510_113658_order4,2190,0
20260510_113658_order4,2220,1
20260510_113658_order4,2250,0
20260510_113658_order4,2280,0
20260510_113658_order4,2310,3
20260510_113658_order4,2340,3
20260510_113658_order4,2370,1
20260510_113658_order4,2400,1
20260510_113658_order4,2430,1
20260510_113658_order4,2460,0
20260510_113658_order4,2490,1
20260510_113658_order4,2520,3
20260510_113658_order4,2550,3
20260510_113658_order4,2580,1
20260510_113658_order4,2610,1
20260510_113658_order4,2640,1
20260510_113658_order4,2670,1
20260510_113658_order4,2700,1
20260510_113658_order4,2730,1
20260510_113658_order4,2760,1
20260510_113658_order4,2790,1
20260510_113658_order4,2820,1
20260510_113658_order4,2850,1
20260510_113658_order4,2880,1
20260510_113658_order4,2910,0
20260510_113658_order4,2940,1
20260510_113658_order4,2970,1
20260510_113658_order4,3000,1
20260510_113658_order4,3030,1
20260510_113658_order4,3060,1
20260510_113658_order4,3090,0
20260510_113658_order4,3120,1
20260510_113658_order4,3150,1
20260510_113658_order4,3180,1
20260510_113658_order4,3210,1
20260510_113658_order4,3240,1
20260510_113658_order4,3270,1
20260510_113658_order4,3300,1
20260510_113658_order4,3330,1
20260510_113658_order4,3360,1
20260510_113658_order4,3390,1
20260510_113658_order4,3420,1
20260510_113658_order4,3450,0
20260510_113658_order4,3480,0
20260510_113658_order4,3510,0
20260510_113658_order4,3540,0
20260510_113658_order4,3570,1
20260510_113658_order4,3600,3
20260510_113658_order4,3630,3
20260510_113658_order4,3660,3
20260510_113658_order4,3690,3
20260510_113658_order4,3720,1
20260510_113658_order4,3750,1
20260510_113658_order4,3780,1
20260510_113658_order4,3810,1
20260510_113658_order4,3840,1
20260510_113658_order4,3870,1
20260510_113658_order4,3900,1
20260510_113658_order4,3930,1
20260510_113658_order4,3960,1
20260510_113658_order4,3990,0
20260510_113658_order4,4020,0
20260510_113658_order4,4050,3
20260510_113658_order4,4080,3
20260510_113658_order4,4110,1
20260510_113658_order4,4140,1
20260510_113658_order4,4170,1
20260510_113658_order4,4200,1
20260510_113658_order4,4230,1
20260510_113658_order4,4260,1
20260510_113658_order4,4290,1
20260510_113658_order4,4320,1
20260510_113658_order4,4350,0
20260510_113658_order4,4380,3
20260510_113658_order4,4410,1
20260510_113658_order4,4440,1
20260510_113658_order4,4470,1
20260510_113658_order4,4500,1
20260510_113658_order4,4530,1
20260510_113658_order4,4560,1
20260510_113658_order4,4590,1
20260510_113658_order4,4620,1
20260510_113658_order4,4650,1
20260510_113658_order4,4680,1
20260510_113658_order4,4710,0
20260510_113658_order4,4740,1
20260510_113658_order4,4770,1
20260510_113658_order4,4800,1
20260510_113658_order4,4830,3
20260510_113658_order4,4860,0
20260510_113658_order4,4890,0
20260510_113658_order4,4920,3
20260510_113658_order4,4950,1
20260510_113658_order4,4980,1
20260510_113658_order4,5010,1
20260510_113658_order4,5040,0
20260510_113658_order4,5070,1
20260510_113658_order4,5100,1
20260510_113658_order4,5130,0
20260510_113658_order4,5160,0
20260510_113658_order4,5190,1
20260510_113658_order4,5220,1
20260510_113658_order4,5250,1
20260510_113658_order4,5280,1
20260510_113658_order4,5310,0
20260510_113658_order4,5340,1
20260510_113658_order4,5370,1
20260510_113658_order4,5400,1
20260510_113658_order4,5430,1
20260510_113658_order4,5460,1
20260510_113658_order4,5490,1
20260510_113658_order4,5520,1
20260510_113658_order4,5550,1
20260510_113658_order4,5580,1
20260510_113658_order4,5610,1
20260510_113658_order4,5640,0
20260510_113658_order4,5670,3
20260510_113658_order4,5700,1
20260510_113658_order4,5730,1
20260510_113658_order4,5760,1
20260510_113658_order4,5790,1
20260510_113658_order4,5820,0
20260510_113658_order4,5850,0
20260510_113658_order4,5880,0
20260510_113658_order4,5910,3
20260510_113658_order4,5940,3
20260510_113658_order4,5970,3
20260510_113658_order4,6000,0
20260510_113658_order4,6030,1
20260510_113658_order4,6060,1
20260510_113658_order4,6090,1
20260510_113658_order4,6120,1
20260510_113658_order4,6150,1
20260510_113658_order4,6180,1
20260510_113658_order4,6210,0
20260510_113658_order4,6240,0
20260510_113658_order4,6270,3
20260510_113658_order4,6300,0
20260510_113658_order4,6330,0
20260510_113658_order4,6360,3
20260510_113658_order4,6390,1
20260510_113658_order4,6420,0
20260510_113658_order4,6450,3
20260510_113658_order4,6480,1
20260510_113658_order4,6510,0
20260510_113658_order4,6540,0
20260510_113658_order4,6570,0
20260510_113658_order4,6600,1
20260510_113658_order4,6630,1
20260510_113658_order4,6660,1
20260510_113658_order4,6690,1
20260510_113658_order4,6720,1
20260510_113658_order4,6750,1
20260510_113658_order4,6780,1
20260510_113658_order4,6900,4
20260510_113658_order4,6930,4
20260510_113658_order4,6960,4
20260510_113658_order4,6990,4
20260510_113658_order4,7020,0
20260510_113658_order4,7050,2
20260510_113658_order4,7080,3
20260510_113658_order4,7110,3
20260510_113658_order4,7140,1
20260510_113658_order4,7170,1
20260510_113658_order4,7200,0
20260510_113658_order4,7230,0
20260510_113658_order4,7260,1
20260510_113658_order4,7290,1
20260510_113658_order4,7410,1
20260510_113658_order4,7440,1
20260510_113658_order4,7470,0
20260510_113658_order4,7500,1
20260510_113658_order4,7530,1
20260510_113658_order4,7560,3
20260510_113658_order4,7590,0
20260510_113658_order4,7620,0
20260510_113658_order4,7650,2
20260510_113658_order4,7680,0
20260510_113658_order4,7710,0
20260510_113658_order4,7740,1
20260510_113658_order4,7770,0
20260510_113658_order4,7830,3
20260510_113658_order4,7860,1
20260510_113658_order4,7890,1
20260510_113658_order4,7920,1
20260510_113658_order4,7950,0
20260510_113658_order4,7980,2
20260510_113658_order4,8010,0
20260510_113658_order4,8040,3
20260510_113658_order4,8070,2
20260510_113658_order4,8100,0
20260510_113658_order4,8220,2
20260510_113658_order4,8250,1
20260510_113658_order4,8280,1
20260510_113658_order4,8310,1
20260510_113658_order4,8340,1
20260510_113658_order4,8370,0
20260510_113658_order4,8400,2
20260510_113658_order4,8430,3
20260510_113658_order4,8460,2
20260510_113658_order4,8490,2
20260510_113658_order4,8520,2
20260510_113658_order4,8550,0
20260510_113658_order4,8580,3
20260510_113658_order4,8610,3
20260510_113658_order4,8640,0
20260510_113658_order4,8670,0
20260510_113658_order4,8700,2
20260510_113658_order4,8730,2
20260510_113658_order4,8760,3
20260510_113658_order4,8790,3
20260510_113658_order4,8820,0
20260510_113658_order4,8850,0
20260510_113658_order4,8880,0
20260510_113658_order4,8910,3
20260510_113658_order4,8940,3
20260510_113658_order4,8970,0
20260510_113658_order4,9030,1
20260510_113658_order4,9060,1
20260510_113658_order4,9090,1
20260510_113658_order4,9120,1
20260510_113658_order4,9150,1
20260510_113658_order4,9180,0
20260510_113658_order4,9210,1
20260510_113658_order4,9240,1
20260510_113658_order4,9270,1
20260510_113658_order4,9300,1
20260510_113658_order4,9390,0
20260510_113658_order4,9420,4
20260510_113658_order4,9450,4
20260510_113658_order4,9600,1
20260510_113658_order4,9630,1
20260510_113658_order4,9660,0
20260510_113658_order4,9690,4
20260510_113658_order4,9720,3
20260510_113658_order4,9750,0
20260510_113658_order4,9780,0
20260510_113658_order4,9810,1
20260510_113658_order4,9840,1
20260510_113658_order4,9870,1
20260510_113658_order4,9900,1
20260510_113658_order4,9930,2
20260510_113658_order4,9960,2
20260510_113658_order4,9990,2
20260510_113658_order4,10020,2
20260510_113658_order4,10050,3
20260510_113658_order4,10080,1
20260510_113658_order4,10110,1
20260510_113658_order4,10140,2
20260510_113658_order4,10170,2
20260510_113658_order4,10200,2
20260510_113658_order4,10230,1
20260510_113658_order4,10260,1
20260510_113658_order4,10290,1
20260510_113658_order4,10320,1
20260510_113658_order4,10350,1
20260510_113658_order4,10380,2
20260510_113658_order4,10410,4
20260510_113658_order4,10440,4
20260510_113658_order4,10470,3
20260510_113658_order4,10500,3
20260510_113658_order4,10530,0
20260510_113658_order4,10560,1
20260510_113658_order4,10590,2
20260510_113658_order4,10620,2
20260510_113658_order4,10650,2
20260510_113658_order4,10680,0
20260510_113658_order4,10710,0
20260510_113658_order4,10740,4
20260510_113658_order4,10770,4
20260510_113658_order4,10800,0
20260510_113658_order4,10830,1
20260510_113658_order4,10860,1
20260510_113658_order4,10890,1
20260510_113658_order4,11010,2
20260510_113658_order4,11040,2
20260510_113658_order4,11070,2
20260510_113658_order4,11100,1
20260510_113658_order4,11130,1
20260510_113658_order4,11160,1
20260510_113658_order4,11220,4
20260510_113658_order4,11250,3
20260510_113658_order4,11280,3
20260510_113658_order4,11310,0
20260510_113658_order4,11340,4
20260510_113658_order4,11370,4
20260510_113658_order4,11400,5
20260510_113658_order4,11430,3
20260510_113658_order4,11460,4
20260510_113658_order4,11490,4
20260510_113658_order4,11550,4
20260510_113658_order4,11580,4
20260510_113658_order4,11610,4
20260510_113658_order4,11640,2
20260510_113658_order4,11670,3
20260510_113658_order4,11700,1
20260510_113658_order4,11730,0
20260510_113658_order4,11760,3
20260510_113658_order4,11790,0
20260510_113658_order4,11820,5
20260510_113658_order4,11850,5
20260510_113658_order4,11880,2
20260510_113658_order4,11910,2
20260510_113658_order4,11940,4
20260510_113658_order4,11970,4
20260510_113658_order4,12030,4
20260510_113658_order4,12060,4
20260510_113658_order4,12090,4
20260510_113658_order4,12120,4
20260510_113658_order4,12150,3
20260510_113658_order4,12180,4
20260510_113658_order4,12210,4
20260510_113658_order4,12240,3
20260510_113658_order4,12270,3
20260510_113658_order4,12300,1
20260510_113658_order4,12330,0
20260510_113658_order4,12360,4
20260510_113658_order4,12390,4
20260510_113658_order4,12450,0
20260510_113658_order4,12480,0
20260510_113658_order4,12570,1
20260510_113658_order4,12600,1
20260510_113658_order4,12630,1
20260510_113658_order4,12660,3
20260510_113658_order4,12690,0
20260510_113658_order4,12720,0
20260510_113658_order4,12750,1
20260510_113658_order4,12780,1
20260510_113658_order4,12810,1
20260510_113658_order4,12840,3
20260510_113658_order4,12870,3
20260510_113658_order4,12900,0
20260510_113658_order4,12930,0
20260510_113658_order4,12960,0
20260510_113658_order4,12990,4
20260510_113658_order4,13020,4
20260510_113658_order4,13050,4
20260510_113658_order4,13080,4
20260510_113658_order4,13110,4
20260510_113658_order4,13140,4
20260510_113658_order4,13170,4
20260510_113658_order4,13200,4
20260510_113658_order4,13230,4
20260510_113658_order4,13260,4
20260510_113658_order4,13290,4
20260510_113658_order4,13320,4
20260510_113658_order4,13350,4
20260510_113658_order4,13380,4
20260510_113658_order4,13410,2
20260510_113658_order4,13440,3
20260510_113658_order4,13470,0
20260510_113658_order4,13500,1
20260510_113658_order4,13530,1
20260510_113658_order4,13560,0
20260510_113658_order4,13590,0
20260510_113658_order4,13620,1
20260510_113658_order4,13650,1
20260510_113658_order4,13680,4
20260510_113658_order4,13710,4
20260510_113658_order4,13740,0
20260510_113658_order4,13770,4
20260510_113658_order4,13800,2
20260510_113658_order4,13830,2
20260510_113658_order4,13890,2
20260510_113658_order4,13920,2
20260510_113658_order4,13950,2
20260510_113658_order4,13980,2
20260510_113658_order4,14010,2
20260510_113658_order4,14040,2
20260510_113658_order4,14070,2
20260510_113658_order4,14100,3
20260510_113658_order4,14130,1
20260510_113658_order4,14160,4
20260510_113658_order4,14190,0
20260510_113658_order4,14220,5
20260510_113658_order4,14250,1
20260510_113658_order4,14280,1
20260510_113658_order4,14310,1
20260510_113658_order4,14340,4
20260510_113658_order4,14370,4
20260510_113658_order4,14400,3
20260510_113658_order4,14430,0
20260510_113658_order4,14460,1
20260510_113658_order4,14490,1
20260510_113658_order4,14520,0
20260510_113658_order4,14550,0
20260510_113658_order4,14580,2
20260510_113658_order4,14610,3
20260510_113658_order4,14640,3
20260510_113658_order4,14670,3
20260510_113658_order4,14700,3
20260510_113658_order4,14730,1
20260510_113658_order4,14760,1
20260510_113658_order4,14790,0
20260510_113658_order4,14820,4
20260510_113658_order4,14850,4
20260510_113658_order4,14880,4
20260510_113658_order4,14910,0
20260510_113658_order4,14940,0
20260510_113658_order4,14970,3
20260510_113658_order4,15000,2
20260510_113658_order4,15030,3
20260510_113658_order4,15060,1
20260510_113658_order4,15090,1
20260510_113658_order4,15120,1
20260510_113658_order4,15150,1
20260510_113658_order4,15180,1
20260510_113658_order4,15210,1
20260510_113658_order4,15240,1
20260510_113658_order4,15270,1
20260510_113658_order4,15300,1
20260510_113658_order4,15330,0
20260510_113658_order4,15360,0
20260510_113658_order4,15390,2
20260510_113658_order4,15420,3
20260510_113658_order4,15450,0
20260510_113658_order4,15480,3
20260510_113658_order4,15510,3
20260510_113658_order4,15540,0
20260510_113658_order4,15570,1
20260510_113658_order4,15600,1
20260510_113658_order4,15630,1
20260510_113658_order4,15660,1
20260510_113658_order4,15690,0
20260510_113658_order4,15720,1
20260510_113658_order4,15750,1
20260510_113658_order4,15780,0
20260510_113658_order4,15810,0
20260510_113658_order4,15840,2
20260510_113658_order4,16170,3
20260510_113658_order4,16200,1
20260510_113658_order4,16230,1
20260510_113658_order4,16260,1
20260510_113658_order4,16290,1
20260510_113658_order4,16320,1
20260510_113658_order4,16350,1
20260510_113658_order4,16380,1
20260510_113658_order4,16410,0
20260510_113658_order4,16440,1
20260510_113658_order4,16470,1
20260510_113658_order4,16500,0
20260510_113658_order4,16530,4
20260510_113658_order4,16560,4
20260510_113658_order4,16590,4
20260510_113658_order4,16620,3
20260510_113658_order4,16650,3
20260510_113658_order4,16680,1
20260510_113658_order4,16710,1
20260510_113658_order4,16740,0
20260510_113658_order4,16770,2
20260510_113658_order4,16800,3
20260510_113658_order4,16830,3
20260510_113658_order4,16860,3
20260510_113658_order4,16890,1
20260510_113658_order4,16920,1
20260510_113658_order4,16950,0
20260510_113658_order4,16980,1
20260510_113658_order4,17010,1
20260510_113658_order4,17040,3
20260510_113658_order4,17070,1
20260510_113658_order4,17100,1
20260510_113658_order4,17130,1
20260510_113658_order4,17160,1
20260510_113658_order4,17190,1
20260510_121708_order1,0,1
20260510_121708_order1,30,1
20260510_121708_order1,60,0
20260510_121708_order1,120,5
20260510_121708_order1,150,5
20260510_121708_order1,180,5
20260510_121708_order1,210,5
20260510_121708_order1,240,3
20260510_121708_order1,270,1
20260510_121708_order1,300,1
20260510_121708_order1,330,0
20260510_121708_order1,360,0
20260510_121708_order1,390,3
20260510_121708_order1,420,1
20260510_121708_order1,450,1
20260510_122126_order2,0,1
20260510_122126_order2,30,1
20260510_122126_order2,60,1
20260510_122126_order2,90,1
20260510_122126_order2,120,1
20260510_122126_order2,180,1
20260510_122126_order2,210,1
20260510_122126_order2,240,1
20260510_122126_order2,270,1
20260510_122126_order2,300,1
20260510_122126_order2,360,1
20260510_122126_order2,390,1
20260510_122126_order2,420,1
20260510_122126_order2,450,1
20260510_122126_order2,480,0
20260510_122126_order2,510,3
20260510_122126_order2,540,1
20260510_122126_order2,570,1
20260510_122126_order2,660,1
20260510_122126_order2,690,1
20260510_122126_order2,720,1
20260510_122126_order2,750,1
20260510_122126_order2,780,1
20260510_122126_order2,810,0
20260510_122126_order2,840,0
20260510_122126_order2,870,1
20260510_122126_order2,990,1
20260510_122126_order2,1020,1
20260510_122126_order2,1050,1
20260510_122126_order2,1080,1
20260510_122126_order2,1260,1
20260510_122126_order2,1290,1
20260510_122126_order2,1350,1
20260510_122126_order2,1380,1
20260510_122126_order2,1410,1
20260510_122126_order2,1680,1
20260510_122126_order2,1710,3
20260510_122126_order2,2010,0
20260510_122126_order2,2040,1
20260510_122126_order2,2070,1
20260510_122126_order2,2100,3
20260510_122126_order2,2130,1
20260510_122126_order2,2160,0
20260510_122126_order2,2190,0
20260510_122126_order2,2220,1
20260510_122126_order2,2250,1
20260510_122126_order2,2280,1
20260510_122126_order2,2310,1
20260510_122126_order2,2340,1
20260510_122126_order2,2370,1
20260510_122126_order2,2400,1
20260510_122126_order2,2430,3
20260510_122126_order2,2460,0
20260510_122126_order2,2490,1
20260510_122126_order2,2520,1
20260510_122126_order2,2550,1
20260510_122126_order2,2580,1
20260510_122126_order2,2610,1
20260510_122126_order2,2640,1
20260510_122126_order2,2670,1
20260510_122126_order2,2700,1
20260510_122126_order2,2730,1
20260510_122126_order2,2760,1
20260510_122126_order2,2790,1
20260510_122126_order2,2820,0
20260510_122126_order2,2850,1
20260510_122126_order2,2880,3
20260510_122126_order2,2910,1
20260510_122126_order2,2940,1
20260510_122126_order2,2970,1
20260510_122126_order2,3000,1
20260510_122126_order2,3030,1
20260510_122126_order2,3060,1
20260510_122126_order2,3090,1
20260510_122126_order2,3120,1
20260510_122126_order2,3150,1
20260510_122126_order2,3180,1
20260510_122126_order2,3210,1
20260510_122126_order2,3240,1
20260510_122534_order3,0,3
20260510_122534_order3,60,1
20260510_122534_order3,90,1
20260510_122534_order3,120,0
20260510_122534_order3,150,1
20260510_122534_order3,270,0
20260510_122534_order3,300,1
20260510_122534_order3,420,0
20260510_122534_order3,450,3
20260510_122534_order3,540,3
20260510_122534_order3,780,1
20260510_122534_order3,810,1
20260510_122534_order3,900,1
20260510_122534_order3,930,1
20260510_122534_order3,960,1
20260510_122534_order3,990,1
20260510_122534_order3,1020,1
20260510_122534_order3,1050,1
20260510_122534_order3,1080,1
20260510_122534_order3,1110,1
20260510_122534_order3,1140,1
20260510_122534_order3,1170,0
20260510_122534_order3,1440,1
20260510_122534_order3,1470,1
20260510_122534_order3,1500,1
20260510_122534_order3,1530,1
20260510_122534_order3,1560,1
20260510_122534_order3,1590,1
20260510_122534_order3,1620,3
20260510_122534_order3,1650,1
20260510_122534_order3,1950,3
20260510_122534_order3,1980,1
20260510_122534_order3,2010,1
20260510_122534_order3,2040,1
20260510_122534_order3,2070,1
20260510_122534_order3,2100,1
20260510_122534_order3,2130,1
20260510_122534_order3,2190,1
20260510_122534_order3,2220,1
20260510_122534_order3,2250,1
20260510_122534_order3,2280,1
20260510_122534_order3,2310,1
20260510_122534_order3,2340,0
20260510_122534_order3,2370,0
20260510_122534_order3,2400,3
20260510_122925_order4,0,1
20260510_122925_order4,30,1
20260510_122925_order4,60,1
20260510_122925_order4,90,1
20260510_122925_order4,120,1
20260510_122925_order4,150,0
20260510_122925_order4,180,3
20260510_122925_order4,210,3
20260510_122925_order4,240,1
20260510_122925_order4,270,1
20260510_122925_order4,510,1
20260510_122925_order4,540,1
20260510_122925_order4,840,1
20260510_122925_order4,870,1
20260510_122925_order4,900,0
20260510_122925_order4,930,1
20260510_122925_order4,960,3
20260510_122925_order4,1080,0
20260510_122925_order4,1110,3
20260510_122925_order4,1140,1
20260510_122925_order4,1170,1
20260510_122925_order4,1200,1
20260510_122925_order4,1230,1
20260510_122925_order4,1410,1
20260510_122925_order4,1440,2
20260510_122925_order4,1470,2
20260510_122925_order4,1500,2
20260510_122925_order4,1530,2
20260510_122925_order4,1560,2
20260510_122925_order4,1590,1
20260510_122925_order4,1620,1
20260510_122925_order4,1710,1
20260510_122925_order4,1890,1
20260510_122925_order4,1920,1
20260510_122925_order4,1950,1
20260510_122925_order4,1980,1
20260510_122925_order4,2010,0
20260510_122925_order4,2040,0
20260510_122925_order4,2070,1
20260510_122925_order4,2100,1
20260510_122925_order4,2130,1
20260510_122925_order4,2160,1
20260510_122925_order4,2220,0
20260510_122925_order4,2250,0
20260510_122925_order4,2280,4
20260510_122925_order4,2310,3
20260510_122925_order4,2340,3
20260510_122925_order4,2370,0
20260510_122925_order4,2400,0
20260510_122925_order4,2430,3
20260510_122925_order4,2460,0
20260510_122925_order4,2490,1
20260510_122925_order4,2520,1
20260510_122925_order4,2550,1
20260510_122925_order4,2580,0
20260510_122925_order4,2610,1
20260510_122925_order4,2640,1
20260510_122925_order4,2760,1
20260510_122925_order4,2790,1
20260510_122925_order4,2880,1
20260510_122925_order4,2910,1
20260510_122925_order4,2940,1
20260510_122925_order4,2970,1
20260510_122925_order4,3000,1
20260510_122925_order4,3030,1
20260510_122925_order4,3060,1
20260510_122925_order4,3090,1
20260510_122925_order4,3210,1
20260510_122925_order4,3240,1
20260510_122925_order4,3270,1
20260510_122925_order4,3300,1
20260510_122925_order4,3330,0
20260510_122925_order4,3360,1
20260510_122925_order4,3390,1
20260510_122925_order4,3420,1
20260510_122925_order4,3510,0
20260510_122925_order4,3540,3
20260510_122925_order4,3570,3
20260510_122925_order4,3690,3
20260510_122925_order4,3840,1
20260510_122925_order4,3870,0
20260510_122925_order4,3900,0
20260510_122925_order4,3930,1
20260510_122925_order4,4260,0
20260510_122925_order4,4290,1
20260510_122925_order4,4320,1
20260510_122925_order4,4350,1
20260510_122925_order4,4410,0
20260510_122925_order4,4440,1
20260510_122925_order4,4470,1
20260510_122925_order4,4620,1
20260510_122925_order4,4650,1
20260510_122925_order4,4680,1
20260510_122925_order4,4710,1
20260510_122925_order4,4740,1
20260510_122925_order4,4770,0
20260510_122925_order4,4800,0
20260510_122925_order4,4860,1
20260510_122925_order4,4890,0
20260510_122925_order4,4920,1
20260510_122925_order4,4950,1
20260510_122925_order4,5010,1
20260510_122925_order4,5040,1
20260510_122925_order4,5070,1
20260510_122925_order4,5100,0
20260510_122925_order4,5160,3
20260510_122925_order4,5190,1
20260510_122925_order4,5220,0
20260510_122925_order4,5250,0
20260510_122925_order4,5280,1
20260510_122925_order4,5310,1
20260510_122925_order4,5340,1
20260510_122925_order4,5370,1
20260510_122925_order4,5400,0
20260510_122925_order4,5430,1
20260510_122925_order4,5460,3
20260510_122925_order4,5490,1
20260510_122925_order4,5520,1
20260510_122925_order4,5550,1
20260510_122925_order4,5580,0
20260510_122925_order4,5610,0
20260510_122925_order4,5640,3
20260510_122925_order4,5670,1
20260510_122925_order4,5700,0
20260510_122925_order4,5730,1
20260510_122925_order4,5760,1
20260510_122925_order4,5790,1
20260510_122925_order4,5820,1
20260510_122925_order4,5850,1
20260510_122925_order4,5880,1
20260510_122925_order4,5910,0
20260510_122925_order4,6000,1
20260510_122925_order4,6030,1
20260510_122925_order4,6060,1
20260510_122925_order4,6090,1
20260510_122925_order4,6120,0
20260510_122925_order4,6150,0
20260510_122925_order4,6180,0
20260510_122925_order4,6210,3
20260510_140907_order1,0,0
20260510_140907_order1,30,0
20260510_140907_order1,330,0
20260510_140907_order1,360,0
20260510_140907_order1,630,3
20260510_140907_order1,660,1
20260510_140907_order1,690,1
20260510_140907_order1,780,3
20260510_140907_order1,810,0
20260510_140907_order1,900,3
20260510_140907_order1,930,0
20260510_140907_order1,1050,3
20260510_140907_order1,1080,3
20260510_140907_order1,1110,0
20260510_140907_order1,1140,0
20260510_140907_order1,1170,0
20260510_140907_order1,1200,3
20260510_140907_order1,1230,3
20260510_140907_order1,1260,1
20260510_140907_order1,1290,1
20260510_140907_order1,1320,3
20260510_140907_order1,1470,0
20260510_140907_order1,1500,1
20260510_140907_order1,1560,1
20260510_140907_order1,1590,3
20260510_140907_order1,1620,1
20260510_140907_order1,1650,1
20260510_140907_order1,1830,5
20260510_140907_order1,1860,4
20260510_140907_order1,1980,0
20260510_140907_order1,2010,3
20260510_140907_order1,2040,3
20260510_140907_order1,2070,1
20260510_140907_order1,2130,4
20260510_140907_order1,2160,3
20260510_140907_order1,2190,3
20260510_140907_order1,2220,0
20260510_140907_order1,2250,0
20260510_140907_order1,2280,5
20260510_140907_order1,2310,3
20260510_140907_order1,2340,3
20260510_140907_order1,2490,1
20260510_140907_order1,2520,1
20260510_140907_order1,2550,1
20260510_140907_order1,2580,0
20260510_140907_order1,2610,4
20260510_140907_order1,2640,4
20260510_140907_order1,2730,4
20260510_140907_order1,2760,4
20260510_140907_order1,2790,0
20260510_140907_order1,3000,0
20260510_140907_order1,3030,4
20260510_140907_order1,3060,3
20260510_140907_order1,3210,0
20260510_140907_order1,3240,3
20260510_140907_order1,3390,0
20260510_140907_order1,3420,0
20260510_140907_order1,3450,3
20260510_140907_order1,3480,3
20260510_140907_order1,3780,0
20260510_140907_order1,3810,5
20260510_140907_order1,3840,3
20260510_140907_order1,3870,0
20260510_140907_order1,3900,0
20260510_140907_order1,3930,1
20260510_140907_order1,3960,0
20260510_140907_order1,3990,0
20260510_140907_order1,4140,3
20260510_140907_order1,4170,0
20260510_140907_order1,4500,3
20260510_140907_order1,4530,3
20260510_140907_order1,4560,0
20260510_140907_order1,4650,1
20260510_140907_order1,4680,0
20260510_140907_order1,4710,0
20260510_140907_order1,4740,3
20260510_140907_order1,4770,0
20260510_140907_order1,4800,1
20260510_140907_order1,4830,3
20260510_140907_order1,4860,0
20260510_140907_order1,4890,3
20260510_141947_order2,0,0
20260510_141947_order2,30,0
20260510_141947_order2,60,0
20260510_141947_order2,120,3
20260510_141947_order2,150,1
20260510_141947_order2,180,0
20260510_141947_order2,420,0
20260510_141947_order2,450,0
20260510_141947_order2,480,3
20260510_141947_order2,510,3
20260510_141947_order2,570,0
20260510_141947_order2,690,5
20260510_141947_order2,720,5
20260510_141947_order2,930,3
20260510_141947_order2,960,3
20260510_141947_order2,1080,3
20260510_141947_order2,1110,1
20260510_141947_order2,1140,1
20260510_141947_order2,1170,3
20260510_141947_order2,1200,3
20260510_141947_order2,1230,3
20260510_141947_order2,1260,3
20260510_142206_order3,180,3
20260510_142206_order3,210,0
20260510_142206_order3,240,0
20260510_142206_order3,270,3
20260510_142206_order3,330,3
20260510_142206_order3,360,3
20260510_142353_order4,0,3
20260510_142353_order4,30,0
20260510_142353_order4,60,0
20260510_142353_order4,90,3
20260510_142353_order4,270,3
20260510_142353_order4,300,0
20260510_142353_order4,330,0
20260510_142353_order4,420,5
20260510_142353_order4,450,3
20260510_142353_order4,480,3
20260510_144735_order1,120,0
20260510_144735_order1,150,0
20260510_144735_order1,300,3
20260510_144735_order1,330,0
20260510_144735_order1,360,0
20260510_144735_order1,390,3
20260510_144735_order1,420,3
20260510_144735_order1,450,0
20260510_144735_order1,480,1
20260510_144735_order1,510,1
20260510_144735_order1,540,0
20260510_144735_order1,570,0
20260510_144735_order1,600,0
20260510_144735_order1,630,1
20260510_144735_order1,660,2
20260510_144735_order1,690,2
20260510_144735_order1,720,2
20260510_144735_order1,750,1
20260510_144735_order1,780,1
20260510_144735_order1,810,1
20260510_144735_order1,840,1
20260510_144735_order1,870,2
20260510_144735_order1,900,2
20260510_144735_order1,930,2
20260510_144735_order1,960,2
20260510_144735_order1,990,2
20260510_144735_order1,1020,2
20260510_144735_order1,1050,2
20260510_144735_order1,1080,2
20260510_144735_order1,1110,2
20260510_144735_order1,1140,2
20260510_144735_order1,1170,0
20260510_144735_order1,1200,0
20260510_144735_order1,1230,3
20260510_144735_order1,1260,3
20260510_144735_order1,1290,1
20260510_145002_order2,0,1
20260510_145002_order2,30,0
20260510_145002_order2,90,0
20260510_145002_order2,120,0
20260510_145002_order2,150,3
20260510_145002_order2,180,3
20260510_145002_order2,210,1
20260510_145002_order2,240,1
20260510_145002_order2,270,1
20260510_145002_order2,300,1
20260510_145002_order2,420,0
20260510_145002_order2,450,1
20260510_145002_order2,480,1
20260510_145002_order2,510,1
20260510_145002_order2,540,1
20260510_145002_order2,810,1
20260510_145002_order2,840,0
20260510_145002_order2,870,0
20260510_145002_order2,900,3
20260510_145002_order2,930,3
20260510_145002_order2,960,2
20260510_145002_order2,990,1
20260510_145002_order2,1020,2
20260510_145002_order2,1050,2
20260510_145002_order2,1080,0
20260510_145002_order2,1110,2
20260510_145002_order2,1140,2
20260510_145002_order2,1170,2
20260510_145002_order2,1200,2
20260510_145002_order2,1230,2
20260510_145002_order2,1260,2
20260510_145002_order2,1290,3
20260510_145002_order2,1320,3
20260510_145002_order2,1350,3
20260510_145207_order3,0,1
20260510_145207_order3,30,0
20260510_145207_order3,60,0
20260510_145207_order3,90,0
20260510_145207_order3,120,1
20260510_145207_order3,150,1
20260510_145207_order3,180,0
20260510_145207_order3,210,0
20260510_145207_order3,240,3
20260510_145207_order3,270,1
20260510_145207_order3,300,3
20260510_145207_order3,330,3
20260510_145207_order3,360,1
20260510_145207_order3,390,1
20260510_145207_order3,420,1
20260510_145207_order3,600,3
20260510_145207_order3,630,4
20260510_145207_order3,660,1
20260510_145207_order3,690,0
20260510_145207_order3,720,1
20260510_145207_order3,750,3
20260510_145207_order3,780,4
20260510_145207_order3,810,4
20260510_145207_order3,840,0
20260510_145207_order3,870,0
20260510_145207_order3,900,3
20260510_145207_order3,930,4
20260510_145207_order3,960,4
20260510_145207_order3,990,1
20260510_145207_order3,1020,3
20260510_145207_order3,1050,0
20260510_145207_order3,1080,0
20260510_145207_order3,1110,0
20260510_145207_order3,1140,2
20260510_145207_order3,1170,2
20260510_145207_order3,1200,2
20260510_145207_order3,1230,2
20260510_145207_order3,1260,2
20260510_145207_order3,1290,2
20260510_145207_order3,1320,2
20260510_145207_order3,1350,3
20260510_145207_order3,1380,3
20260510_145207_order3,1410,1
20260510_145409_order4,0,1
20260510_145409_order4,30,0
20260510_145409_order4,60,3
20260510_145409_order4,90,0
20260510_145409_order4,120,4
20260510_145409_order4,150,3
20260510_145409_order4,180,3
20260510_145409_order4,210,0
20260510_145409_order4,240,0
20260510_145409_order4,270,1
20260510_145409_order4,300,0
20260510_145409_order4,330,0
20260510_145409_order4,360,0
20260510_145409_order4,390,0
20260510_145409_order4,420,0
20260510_145409_order4,450,4
20260510_145409_order4,480,1
20260510_145409_order4,510,3
20260510_145409_order4,540,1
20260510_145409_order4,570,1
20260510_145409_order4,600,4
20260510_145409_order4,630,4
20260510_145409_order4,660,4
20260510_145409_order4,690,1
20260510_145409_order4,720,1
20260510_145409_order4,750,1
20260510_145409_order4,780,1
20260510_145409_order4,810,1
20260510_145409_order4,870,4
20260510_145409_order4,900,1
20260510_145409_order4,930,0
20260510_145409_order4,960,3
20260510_145409_order4,990,4
20260510_145409_order4,1020,0
20260510_145409_order4,1050,4
20260510_145409_order4,1080,4
20260510_145409_order4,1110,4
20260510_145409_order4,1140,4
20260510_145409_order4,1170,0
20260510_145409_order4,1200,4
20260510_145409_order4,1230,3
20260510_145409_order4,1260,0
20260510_145409_order4,1290,3
20260510_145409_order4,1320,1
20260510_145409_order4,1350,1
20260510_145409_order4,1380,4
20260510_145409_order4,1410,0
20260510_145409_order4,1440,0
20260510_145409_order4,1470,3
20260510_145409_order4,1500,3
20260510_145409_order4,1530,3
20260510_145409_order4,1560,0
20260510_145409_order4,1590,0
20260510_145409_order4,1620,0
20260510_145409_order4,1650,0
20260510_145409_order4,1680,2
20260510_145409_order4,1710,4
20260510_145409_order4,1740,4
20260510_145409_order4,1770,3
20260510_145409_order4,1800,0
20260510_145409_order4,1830,0
20260510_145409_order4,1860,2
20260510_145409_order4,1890,3
20260510_145409_order4,1920,0
20260510_145409_order4,1950,0
20260510_145409_order4,1980,1
20260510_145409_order4,2010,1
20260510_145409_order4,2040,1
20260510_145409_order4,2070,4
20260510_145409_order4,2100,4
20260510_145409_order4,2130,4
20260510_145409_order4,2160,1
20260510_145409_order4,2190,4
20260510_145409_order4,2220,3
20260510_145409_order4,2250,1
20260510_145409_order4,2280,0
20260510_145409_order4,2310,0
20260510_145409_order4,2340,0
20260510_145409_order4,2370,2
20260510_145409_order4,2400,3
20260510_145409_order4,2430,1
20260510_145409_order4,2460,0
20260510_145409_order4,2490,1
20260510_145409_order4,2520,0
20260510_145409_order4,2550,0
20260510_145409_order4,2580,3
20260510_145409_order4,2610,3
20260510_145409_order4,2640,0
20260510_145409_order4,2670,2
20260510_145409_order4,2700,3
20260510_145409_order4,2730,3
20260510_145409_order4,2760,0
20260510_145409_order4,2790,4
20260510_145409_order4,2820,4
20260510_145409_order4,2850,0
20260510_145409_order4,2880,0
20260510_145409_order4,2910,3
20260510_145409_order4,2940,1
20260510_145409_order4,2970,0
20260510_145409_order4,3000,0
20260510_145409_order4,3030,1
20260510_145409_order4,3060,1
20260510_145409_order4,3090,1
20260510_145409_order4,3120,2
20260510_145409_order4,3150,2
20260510_145409_order4,3180,3
20260510_145409_order4,3210,3
20260510_145409_order4,3240,4
20260510_145409_order4,3270,4
20260510_145409_order4,3300,4
20260510_145409_order4,3330,1
20260510_145409_order4,3360,1
20260510_145409_order4,3390,0
20260510_145409_order4,3420,0
20260510_145409_order4,3450,3
20260510_145409_order4,3480,3
20260510_154339_order1,0,1
20260510_154339_order1,30,1
20260510_154339_order1,210,0
20260510_154339_order1,240,0
20260510_154339_order1,270,0
20260510_154339_order1,420,3
20260510_154339_order1,450,3
20260510_154339_order1,510,3
20260510_154339_order1,540,5
20260510_154339_order1,570,3
20260510_154339_order1,600,0
20260510_154339_order1,630,3
20260510_154339_order1,660,3
20260510_154339_order1,750,3
20260510_154339_order1,780,1
20260510_154339_order1,810,0
20260510_154339_order1,840,0
20260510_154339_order1,870,3
20260510_154339_order1,900,1
20260510_154339_order1,930,1
20260510_154339_order1,960,0
20260510_154339_order1,990,0
20260510_154339_order1,1020,3
20260510_154339_order1,1050,1
20260510_154339_order1,1080,1
20260510_154339_order1,1110,0
20260510_154339_order1,1140,2
20260510_154339_order1,1170,2
20260510_154339_order1,1200,2
20260510_154339_order1,1260,1
20260510_154339_order1,1290,1
20260510_154339_order1,1320,1
20260510_154339_order1,1350,1
20260510_154339_order1,1380,1
20260510_154339_order1,1410,1
20260510_154339_order1,1440,1
20260510_154339_order1,1470,2
20260510_154339_order1,1500,2
20260510_154339_order1,1530,2
20260510_154339_order1,1560,2
20260510_154339_order1,1590,5
20260510_154339_order1,1620,3
20260510_154339_order1,1650,2
20260510_154339_order1,1680,2
20260510_154339_order1,1710,1
20260510_154339_order1,1740,1
20260510_154339_order1,1770,1
20260510_154339_order1,1800,1
20260510_154339_order1,1830,2
20260510_154339_order1,1860,1
20260510_154339_order1,1890,0
20260510_154339_order1,1920,0
20260510_154339_order1,1950,2
20260510_154339_order1,1980,2
20260510_154339_order1,2010,2
20260510_154339_order1,2040,5
20260510_154339_order1,2070,5
20260510_154339_order1,2100,3
20260510_154339_order1,2130,3
20260510_154339_order1,2160,3
20260510_154339_order1,2190,1
20260510_154339_order1,2220,1
20260510_154339_order1,2250,1
20260510_154339_order1,2280,0
20260510_154339_order1,2310,0
20260510_154339_order1,2340,3
20260510_154339_order1,2370,3
20260510_154339_order1,2400,0
20260510_154339_order1,2460,0
20260510_154339_order1,2490,0
20260510_154339_order1,2580,3
20260510_154923_order2,0,0
20260510_154923_order2,30,3
20260510_154923_order2,60,3
20260510_154923_order2,90,0
20260510_154923_order2,120,1
20260510_154923_order2,150,1
20260510_154923_order2,180,3
20260510_154923_order2,210,1
20260510_154923_order2,240,1
20260510_154923_order2,270,1
20260510_154923_order2,300,1
20260510_154923_order2,330,1
20260510_154923_order2,390,1
20260510_154923_order2,420,1
20260510_154923_order2,450,2
20260510_154923_order2,480,4
20260510_154923_order2,510,0
20260510_154923_order2,540,2
20260510_154923_order2,570,2
20260510_154923_order2,600,2
20260510_154923_order2,630,2
20260510_154923_order2,660,4
20260510_154923_order2,690,5
20260510_154923_order2,720,2
20260510_154923_order2,780,3
20260510_154923_order2,810,1
20260510_154923_order2,840,1
20260510_154923_order2,870,0
20260510_154923_order2,900,0
20260510_154923_order2,930,5
20260510_154923_order2,960,5
20260510_154923_order2,990,3
20260510_154923_order2,1020,3
20260510_154923_order2,1050,3
20260510_154923_order2,1080,0
20260510_154923_order2,1110,0
20260510_154923_order2,1140,2
20260510_154923_order2,1170,0
20260510_154923_order2,1200,5
20260510_154923_order2,1230,5
20260510_154923_order2,1260,5
20260510_154923_order2,1290,5
20260510_154923_order2,1320,5
20260510_154923_order2,1350,5
20260510_154923_order2,1380,5
20260510_154923_order2,1440,5
20260510_154923_order2,1470,2
20260510_154923_order2,1500,2
20260510_154923_order2,1530,3
20260510_154923_order2,1560,0
20260510_154923_order2,1590,0
20260510_154923_order2,1620,2
20260510_154923_order2,1650,2
20260510_154923_order2,1680,2
20260510_154923_order2,1710,2
20260510_154923_order2,1740,2
20260510_154923_order2,1770,2
20260510_154923_order2,1800,2
20260510_154923_order2,1830,5
20260510_154923_order2,1860,2
20260510_154923_order2,1890,2
20260510_154923_order2,1920,2
20260510_154923_order2,1950,0
20260510_154923_order2,1980,5
20260510_154923_order2,2010,5
20260510_154923_order2,2040,3
20260510_154923_order2,2070,3
20260510_154923_order2,2100,1
20260510_154923_order2,2130,1
20260510_155222_order3,0,0
20260510_155222_order3,30,0
20260510_155222_order3,60,2
20260510_155222_order3,90,1
20260510_155222_order3,120,2
20260510_155222_order3,150,2
20260510_155222_order3,180,2
20260510_155222_order3,210,2
20260510_155222_order3,240,0
20260510_155222_order3,270,3
20260510_155222_order3,300,2
20260510_155222_order3,330,1
20260510_155222_order3,360,1
20260510_155222_order3,450,3
20260510_155222_order3,480,0
20260510_155222_order3,510,0
20260510_155222_order3,540,0
20260510_155222_order3,570,0
20260510_155222_order3,600,3
20260510_155222_order3,630,3
20260510_155222_order3,660,1
20260510_155222_order3,690,1
20260510_155222_order3,720,1
20260510_155222_order3,750,0
20260510_155222_order3,780,1
20260510_155222_order3,810,3
20260510_155222_order3,840,0
20260510_155222_order3,900,2
20260510_155222_order3,930,2
20260510_155222_order3,960,3
20260510_155222_order3,990,5
20260510_155222_order3,1020,5
20260510_155222_order3,1050,5
20260510_155222_order3,1080,5
20260510_155222_order3,1110,2
20260510_155222_order3,1140,2
20260510_155222_order3,1170,5
20260510_155222_order3,1200,5
20260510_155222_order3,1230,3
20260510_155222_order3,1260,1
20260510_155222_order3,1290,0
20260510_155222_order3,1320,1
20260510_155222_order3,1350,2
20260510_155222_order3,1380,1
20260510_155222_order3,1410,1
20260510_155222_order3,1440,4
20260510_155222_order3,1470,5
20260510_155222_order3,1500,1
20260510_155222_order3,1530,1
20260510_155222_order3,1560,1
20260510_155222_order3,1590,0
20260510_155222_order3,1620,5
20260510_155222_order3,1650,5
20260510_155222_order3,1680,5
20260510_155222_order3,1710,3
20260510_155222_order3,1740,3
20260510_155222_order3,1770,0
20260510_155222_order3,1800,2
20260510_155222_order3,1830,2
20260510_155222_order3,1860,3
20260510_155222_order3,1890,1
20260510_155222_order3,1920,0
20260510_155222_order3,1950,0
20260510_155222_order3,1980,3
20260510_155222_order3,2010,0
20260510_155222_order3,2040,2
20260510_155222_order3,2070,2
20260510_155222_order3,2100,4
20260510_155222_order3,2130,1
20260510_155222_order3,2160,5
20260510_155222_order3,2190,3
20260510_155222_order3,2220,0
20260510_155222_order3,2250,0
20260510_155222_order3,2280,3
20260510_155222_order3,2310,3
20260510_155222_order3,2340,0
20260510_155222_order3,2370,0
20260510_155222_order3,2400,4
20260510_155222_order3,2430,4
20260510_155222_order3,2460,3
20260510_155222_order3,2490,3
20260510_155222_order3,2520,1
20260510_155222_order3,2550,1
20260510_155222_order3,2580,4
20260510_155501_order4,0,0
20260510_155501_order4,30,1
20260510_155501_order4,60,3
20260510_155501_order4,90,0
20260510_155501_order4,120,1
20260510_155501_order4,150,1
20260510_155501_order4,180,1
20260510_155501_order4,210,1
20260510_155501_order4,240,0
20260510_155501_order4,270,0
20260510_155501_order4,300,3
20260510_155501_order4,330,2
20260510_155501_order4,360,2
20260510_155501_order4,390,2
20260510_155501_order4,420,2
20260510_155501_order4,450,3
20260510_155501_order4,480,3
20260510_155501_order4,510,0
20260510_155501_order4,540,1
20260510_155501_order4,570,0
20260510_155501_order4,600,1
20260510_155501_order4,630,1
20260510_155501_order4,660,1
20260510_155501_order4,690,3
20260510_155501_order4,720,0
20260510_155501_order4,750,0
20260510_155501_order4,780,0
20260510_155501_order4,810,5
20260510_155501_order4,840,3
20260510_155501_order4,870,4
20260510_155501_order4,960,0
20260510_155501_order4,990,5
20260510_155501_order4,1020,5
20260510_155501_order4,1050,5
20260510_155501_order4,1080,5
20260510_155501_order4,1110,5
20260510_155501_order4,1140,5
20260510_155501_order4,1170,3
20260510_155501_order4,1200,5
20260510_155501_order4,1230,3
